user_id,gender
13,f
22,f
40,f
73,f
79,f
89,f
105,f
109,f
117,f
138,f
146,f
152,f
187,f
189,f
199,f
202,f
211,f
255,f
279,f
282,f
301,f
369,f
383,f
384,f
386,f
393,f
402,f
407,f
412,f
424,f
466,f
470,f
476,f
498,f
506,f
521,f
542,f
554,f
565,f
572,f
581,f
597,f
608,f
610,f
613,f
614,f
618,f
619,f
625,f
640,f
641,f
647,f
684,f
687,f
688,f
691,f
696,f
712,f
738,f
740,f
746,f
755,f
757,f
774,f
788,f
789,f
809,f
820,f
833,f
843,f
851,f
860,f
872,f
875,f
892,f
904,f
927,f
937,f
942,f
955,f
960,f
967,f
1001,f
1037,f
1044,f
1054,f
1062,f
1089,f
1097,f
1104,f
1106,f
1116,f
1149,f
1154,f
1164,f
1168,f
1173,f
1184,f
1190,f
1216,f
1223,f
1272,f
1273,f
1280,f
1321,f
1325,f
1335,f
1364,f
1380,f
1383,f
1386,f
1405,f
1443,f
1449,f
1453,f
1475,f
1482,f
1498,f
1516,f
1533,f
1541,f
1560,f
1581,f
1596,f
1626,f
1627,f
1636,f
1655,f
1664,f
1691,f
1704,f
1720,f
1729,f
1752,f
1754,f
1757,f
1759,f
1783,f
1784,f
1788,f
1789,f
1797,f
1803,f
1810,f
1827,f
1854,f
1859,f
1870,f
1872,f
1881,f
1888,f
1895,f
1908,f
1917,f
1918,f
1942,f
1944,f
1960,f
2023,f
2027,f
2029,f
2034,f
2035,f
2038,f
2039,f
2062,f
2070,f
2092,f
2107,f
2130,f
2148,f
2149,f
2162,f
2170,f
2179,f
2180,f
2185,f
2191,f
2197,f
2244,f
2248,f
2270,f
2288,f
2292,f
2301,f
2304,f
2316,f
2327,f
2332,f
2341,f
2351,f
2364,f
2368,f
2382,f
2385,f
2386,f
2426,f
2436,f
2441,f
2445,f
2519,f
2527,f
2549,f
2556,f
2570,f
2574,f
2580,f
2584,f
2594,f
2613,f
2614,f
2622,f
2623,f
2627,f
2628,f
2634,f
2658,f
2660,f
2669,f
2672,f
2675,f
2696,f
2708,f
2714,f
2719,f
2725,f
2726,f
2733,f
2743,f
2756,f
2773,f
2776,f
2790,f
2795,f
2834,f
2836,f
2865,f
2876,f
2885,f
2902,f
2904,f
2905,f
2921,f
2933,f
2935,f
2936,f
2945,f
2947,f
2968,f
2971,f
2977,f
2987,f
2989,f
3009,f
3037,f
3046,f
3049,f
3063,f
3069,f
3083,f
3099,f
3101,f
3106,f
3116,f
3117,f
3124,f
3146,f
3151,f
3159,f
3161,f
3176,f
3190,f
3192,f
3206,f
3224,f
3234,f
3236,f
3247,f
3287,f
3302,f
3330,f
3336,f
3355,f
3362,f
3369,f
3404,f
3430,f
3458,f
3464,f
3470,f
3473,f
3491,f
3501,f
3504,f
3505,f
3533,f
3557,f
3561,f
3579,f
3582,f
3583,f
3590,f
3602,f
3616,f
3648,f
3652,f
3677,f
3739,f
3743,f
3747,f
3768,f
3775,f
3780,f
3783,f
3789,f
3802,f
3814,f
3831,f
3834,f
3835,f
3838,f
3850,f
3857,f
3867,f
3870,f
3883,f
3897,f
3901,f
3919,f
3921,f
3944,f
3945,f
3954,f
3971,f
4001,f
4006,f
4019,f
4056,f
4065,f
4071,f
4072,f
4077,f
4081,f
4089,f
4106,f
4119,f
4134,f
4140,f
4141,f
4143,f
4194,f
4217,f
4227,f
4229,f
4247,f
4263,f
4274,f
4275,f
4300,f
4310,f
4327,f
4328,f
4349,f
4360,f
4361,f
4368,f
4369,f
4370,f
4371,f
4376,f
4378,f
4414,f
4422,f
4439,f
4442,f
4448,f
4461,f
4464,f
4469,f
4479,f
4486,f
4505,f
4509,f
4511,f
4514,f
4524,f
4528,f
4535,f
4546,f
4553,f
4557,f
4571,f
4579,f
4615,f
4617,f
4622,f
4623,f
4625,f
4626,f
4628,f
4649,f
4651,f
4665,f
4686,f
4700,f
4725,f
4728,f
4730,f
4734,f
4738,f
4747,f
4753,f
4754,f
4772,f
4774,f
4778,f
4793,f
4794,f
4807,f
4808,f
4818,f
4826,f
4827,f
4849,f
4862,f
4868,f
4870,f
4885,f
4892,f
4904,f
4910,f
4923,f
4947,f
4954,f
5002,f
5016,f
5019,f
5020,f
5025,f
5046,f
5048,f
5058,f
5075,f
5079,f
5080,f
5098,f
5105,f
5108,f
5114,f
5116,f
5125,f
5149,f
5160,f
5170,f
5199,f
5233,f
5250,f
5267,f
5272,f
5293,f
5304,f
5310,f
5326,f
5349,f
5357,f
5382,f
5391,f
5396,f
5414,f
5430,f
5445,f
5478,f
5501,f
5521,f
5540,f
5548,f
5565,f
5568,f
5581,f
5600,f
5607,f
5608,f
5620,f
5623,f
5641,f
5642,f
5652,f
5654,f
5659,f
5661,f
5678,f
5691,f
5692,f
5718,f
5737,f
5744,f
5787,f
5813,f
5815,f
5821,f
5825,f
5826,f
5843,f
5861,f
5891,f
5918,f
5921,f
5935,f
5938,f
5967,f
5979,f
5989,f
6001,f
6036,f
6063,f
6105,f
6117,f
6135,f
6139,f
6157,f
6158,f
6172,f
6173,f
6174,f
6178,f
6179,f
6188,f
6189,f
6201,f
6208,f
6213,f
6217,f
6221,f
6223,f
6246,f
6250,f
6266,f
6269,f
6283,f
6297,f
6310,f
6333,f
6357,f
6361,f
6373,f
6380,f
6423,f
6443,f
6466,f
6476,f
6482,f
6507,f
6508,f
6515,f
6518,f
6519,f
6535,f
6537,f
6551,f
6553,f
6568,f
6590,f
6592,f
6597,f
6602,f
6604,f
6616,f
6637,f
6640,f
6656,f
6688,f
6693,f
6695,f
6698,f
6712,f
6723,f
6732,f
6741,f
6781,f
6801,f
6803,f
6814,f
6819,f
6832,f
6846,f
6863,f
6866,f
6874,f
6883,f
6892,f
6902,f
6910,f
6912,f
6916,f
6935,f
6936,f
6972,f
6983,f
6986,f
6992,f
6995,f
7000,f
7010,f
7032,f
7071,f
7091,f
7103,f
7116,f
7132,f
7135,f
7152,f
7170,f
7177,f
7183,f
7212,f
7215,f
7218,f
7240,f
7245,f
7247,f
7253,f
7258,f
7277,f
7284,f
7287,f
7323,f
7342,f
7346,f
7351,f
7357,f
7367,f
7374,f
7377,f
7379,f
7383,f
7388,f
7423,f
7433,f
7443,f
7444,f
7488,f
7496,f
7515,f
7535,f
7537,f
7538,f
7553,f
7555,f
7556,f
7560,f
7564,f
7582,f
7598,f
7618,f
7623,f
7625,f
7635,f
7645,f
7655,f
7678,f
7680,f
7703,f
7729,f
7736,f
7738,f
7748,f
7749,f
7753,f
7764,f
7766,f
7782,f
7786,f
7787,f
7812,f
7818,f
7823,f
7829,f
7843,f
7864,f
7877,f
7889,f
7901,f
7922,f
7933,f
7958,f
7960,f
7964,f
7969,f
7971,f
7986,f
8009,f
8031,f
8061,f
8063,f
8064,f
8071,f
8078,f
8101,f
8108,f
8120,f
8122,f
8136,f
8159,f
8160,f
8161,f
8171,f
8175,f
8195,f
8208,f
8233,f
8243,f
8293,f
8300,f
8304,f
8315,f
8333,f
8338,f
8410,f
8431,f
8441,f
8444,f
8470,f
8479,f
8483,f
8499,f
8508,f
8520,f
8535,f
8540,f
8545,f
8548,f
8550,f
8556,f
8584,f
8609,f
8612,f
8616,f
8634,f
8643,f
8660,f
8687,f
8705,f
8712,f
8723,f
8725,f
8746,f
8759,f
8806,f
8812,f
8814,f
8820,f
8831,f
8836,f
8852,f
8855,f
8862,f
8881,f
8894,f
8924,f
8928,f
8932,f
8933,f
8941,f
8977,f
8983,f
8987,f
9014,f
9036,f
9045,f
9057,f
9068,f
9082,f
9086,f
9093,f
9135,f
9139,f
9157,f
9169,f
9173,f
9225,f
9249,f
9264,f
9276,f
9297,f
9301,f
9303,f
9308,f
9316,f
9324,f
9340,f
9341,f
9351,f
9352,f
9366,f
9376,f
9379,f
9398,f
9420,f
9430,f
9435,f
9437,f
9441,f
9443,f
9451,f
9453,f
9467,f
9512,f
9518,f
9546,f
9550,f
9551,f
9556,f
9558,f
9573,f
9580,f
9584,f
9594,f
9601,f
9611,f
9612,f
9620,f
9622,f
9631,f
9639,f
9648,f
9655,f
9657,f
9670,f
9671,f
9680,f
9682,f
9687,f
9718,f
9728,f
9750,f
9787,f
9800,f
9807,f
9808,f
9829,f
9834,f
9844,f
9850,f
9861,f
9868,f
9876,f
9879,f
9886,f
9910,f
9915,f
9947,f
9957,f
9963,f
9968,f
9969,f
9993,f
9998,f
10008,f
10012,f
10021,f
10048,f
10059,f
10064,f
10067,f
10078,f
10113,f
10128,f
10139,f
10155,f
10159,f
10194,f
10218,f
10227,f
10228,f
10267,f
10268,f
10294,f
10309,f
10317,f
10321,f
10329,f
10339,f
10347,f
10352,f
10358,f
10374,f
10384,f
10394,f
10406,f
10408,f
10412,f
10414,f
10426,f
10428,f
10429,f
10433,f
10449,f
10450,f
10457,f
10459,f
10461,f
10462,f
10468,f
10483,f
10488,f
10502,f
10504,f
10534,f
10535,f
10536,f
10546,f
10561,f
10572,f
10579,f
10584,f
10585,f
10598,f
10599,f
10604,f
10613,f
10614,f
10619,f
10654,f
10660,f
10690,f
10702,f
10723,f
10738,f
10739,f
10740,f
10770,f
10783,f
10818,f
10877,f
10878,f
10896,f
10901,f
10912,f
10929,f
10930,f
10940,f
10941,f
10955,f
10959,f
10983,f
10995,f
11010,f
11018,f
11032,f
11042,f
11077,f
11080,f
11082,f
11097,f
11098,f
11102,f
11166,f
11170,f
11182,f
11185,f
11192,f
11193,f
11207,f
11265,f
11278,f
11279,f
11281,f
11292,f
11295,f
11296,f
11302,f
11305,f
11312,f
11332,f
11373,f
11376,f
11390,f
11400,f
11404,f
11440,f
11444,f
11448,f
11469,f
11484,f
11486,f
11492,f
11502,f
11515,f
11522,f
11525,f
11528,f
11536,f
11543,f
11546,f
11566,f
11583,f
11586,f
11600,f
11616,f
11620,f
11623,f
11637,f
11644,f
11655,f
11662,f
11667,f
11689,f
11713,f
11724,f
11727,f
11756,f
11778,f
11794,f
11854,f
11881,f
11886,f
11891,f
11907,f
11910,f
11922,f
11929,f
11935,f
11945,f
11952,f
11963,f
11975,f
11997,f
12006,f
12018,f
12023,f
12030,f
12031,f
12035,f
12036,f
12049,f
12055,f
12057,f
12068,f
12073,f
12079,f
12080,f
12085,f
12089,f
12097,f
12108,f
12117,f
12125,f
12140,f
12142,f
12167,f
12174,f
12175,f
12191,f
12210,f
12216,f
12235,f
12239,f
12243,f
12244,f
12246,f
12248,f
12265,f
12284,f
12313,f
12317,f
12324,f
12338,f
12346,f
12351,f
12369,f
12382,f
12384,f
12387,f
12391,f
12394,f
12405,f
12425,f
12430,f
12444,f
12465,f
12492,f
12496,f
12510,f
12519,f
12527,f
12549,f
12555,f
12559,f
12572,f
12573,f
12579,f
12584,f
12585,f
12590,f
12612,f
12620,f
12634,f
12645,f
12648,f
12680,f
12687,f
12696,f
12707,f
12727,f
12753,f
12760,f
12761,f
12883,f
12887,f
12897,f
12903,f
12904,f
12912,f
12914,f
12948,f
12951,f
12970,f
12983,f
12988,f
12996,f
13004,f
13013,f
13022,f
13030,f
13044,f
13059,f
13065,f
13071,f
13088,f
13115,f
13117,f
13121,f
13138,f
13142,f
13159,f
13160,f
13170,f
13202,f
13206,f
13211,f
13215,f
13216,f
13247,f
13259,f
13293,f
13302,f
13327,f
13336,f
13338,f
13339,f
13362,f
13372,f
13393,f
13397,f
13402,f
13415,f
13423,f
13430,f
13432,f
13436,f
13441,f
13491,f
13515,f
13518,f
13523,f
13577,f
13578,f
13581,f
13587,f
13604,f
13606,f
13617,f
13622,f
13625,f
13652,f
13716,f
13730,f
13742,f
13761,f
13767,f
13772,f
13783,f
13785,f
13786,f
13790,f
13801,f
13808,f
13810,f
13813,f
13822,f
13829,f
13834,f
13839,f
13855,f
13858,f
13861,f
13866,f
13883,f
13887,f
13904,f
13915,f
13919,f
13931,f
13967,f
13987,f
13996,f
13998,f
14006,f
14058,f
14068,f
14070,f
14153,f
14168,f
14170,f
14172,f
14175,f
14208,f
14210,f
14215,f
14226,f
14236,f
14238,f
14240,f
14247,f
14251,f
14280,f
14302,f
14304,f
14322,f
14329,f
14338,f
14342,f
14346,f
14348,f
14350,f
14364,f
14370,f
14383,f
14388,f
14394,f
14424,f
14437,f
14444,f
14482,f
14491,f
14509,f
14516,f
14536,f
14569,f
14571,f
14583,f
14599,f
14611,f
14615,f
14626,f
14628,f
14640,f
14644,f
14674,f
14704,f
14714,f
14717,f
14721,f
14725,f
14737,f
14744,f
14746,f
14752,f
14770,f
14791,f
14815,f
14823,f
14827,f
14830,f
14831,f
14846,f
14849,f
14855,f
14865,f
14868,f
14886,f
14894,f
14903,f
14907,f
14916,f
14924,f
14926,f
14945,f
14950,f
14952,f
14954,f
14976,f
14977,f
15010,f
15019,f
15045,f
15048,f
15049,f
15050,f
15051,f
15072,f
15074,f
15077,f
15081,f
15083,f
15110,f
15118,f
15120,f
15143,f
15186,f
15207,f
15243,f
15245,f
15251,f
15265,f
15310,f
15319,f
15333,f
15335,f
15339,f
15350,f
15363,f
15371,f
15382,f
15387,f
15413,f
15420,f
15432,f
15435,f
15477,f
15488,f
15489,f
15491,f
15492,f
15500,f
15503,f
15508,f
15510,f
15531,f
15532,f
15538,f
15554,f
15558,f
15574,f
15586,f
15590,f
15600,f
15612,f
15635,f
15652,f
15653,f
15665,f
15670,f
15671,f
15679,f
15689,f
15693,f
15708,f
15731,f
15737,f
15747,f
15766,f
15769,f
15773,f
15829,f
15837,f
15846,f
15856,f
15865,f
15880,f
15889,f
15900,f
15902,f
15910,f
15917,f
15919,f
15920,f
15922,f
15947,f
15949,f
15965,f
15972,f
15974,f
15978,f
15979,f
15997,f
16008,f
16036,f
16047,f
16054,f
16066,f
16099,f
16102,f
16117,f
16126,f
16127,f
16149,f
16150,f
16183,f
16184,f
16186,f
16210,f
16219,f
16225,f
16236,f
16238,f
16243,f
16257,f
16299,f
16322,f
16331,f
16340,f
16348,f
16376,f
16382,f
16421,f
16446,f
16448,f
16457,f
16460,f
16475,f
16476,f
16504,f
16505,f
16512,f
16520,f
16528,f
16533,f
16540,f
16543,f
16548,f
16560,f
16567,f
16580,f
16584,f
16590,f
16592,f
16596,f
16622,f
16653,f
16658,f
16668,f
16691,f
16705,f
16710,f
16726,f
16749,f
16767,f
16777,f
16802,f
16812,f
16818,f
16827,f
16829,f
16831,f
16835,f
16851,f
16855,f
16866,f
16869,f
16898,f
16920,f
16922,f
16942,f
16948,f
16955,f
16979,f
16983,f
16992,f
16996,f
17005,f
17010,f
17038,f
17044,f
17045,f
17086,f
17101,f
17102,f
17136,f
17161,f
17205,f
17208,f
17219,f
17245,f
17250,f
17252,f
17263,f
17299,f
17328,f
17330,f
17337,f
17341,f
17358,f
17360,f
17364,f
17365,f
17369,f
17384,f
17391,f
17402,f
17420,f
17425,f
17454,f
17460,f
17462,f
17464,f
17472,f
17484,f
17508,f
17519,f
17520,f
17521,f
17523,f
17530,f
17543,f
17561,f
17570,f
17586,f
17587,f
17590,f
17600,f
17601,f
17614,f
17625,f
17627,f
17643,f
17648,f
17656,f
17657,f
17660,f
17683,f
17687,f
17703,f
17751,f
17763,f
17776,f
17778,f
17820,f
17833,f
17841,f
17846,f
17847,f
17864,f
17868,f
17880,f
17898,f
17901,f
17917,f
17919,f
17920,f
17956,f
17958,f
17959,f
17963,f
17964,f
17986,f
17988,f
17993,f
18003,f
18005,f
18031,f
18043,f
18055,f
18066,f
18081,f
18091,f
18105,f
18127,f
18140,f
18151,f
18152,f
18161,f
18169,f
18170,f
18171,f
18207,f
18208,f
18214,f
18228,f
18260,f
18261,f
18273,f
18295,f
18338,f
18361,f
18364,f
18378,f
18379,f
18384,f
18425,f
18426,f
18431,f
18433,f
18442,f
18449,f
18450,f
18467,f
18525,f
18543,f
18550,f
18551,f
18559,f
18561,f
18578,f
18594,f
18603,f
18612,f
18637,f
18646,f
18675,f
18679,f
18691,f
18720,f
18744,f
18747,f
18769,f
18781,f
18783,f
18786,f
18795,f
18803,f
18804,f
18814,f
18820,f
18823,f
18844,f
18850,f
18882,f
18891,f
18919,f
18951,f
18957,f
18965,f
18970,f
18975,f
18996,f
19011,f
19027,f
19039,f
19048,f
19063,f
19065,f
19070,f
19080,f
19085,f
19092,f
19101,f
19113,f
19118,f
19137,f
19147,f
19159,f
19163,f
19173,f
19176,f
19196,f
19204,f
19207,f
19222,f
19237,f
19238,f
19252,f
19262,f
19263,f
19282,f
19292,f
19306,f
19321,f
19328,f
19336,f
19338,f
19348,f
19354,f
19358,f
19369,f
19396,f
19402,f
19426,f
19449,f
19453,f
19469,f
19486,f
19494,f
19504,f
19518,f
19521,f
19531,f
19547,f
19556,f
19560,f
19561,f
19562,f
19563,f
19565,f
19590,f
19599,f
19600,f
19606,f
19642,f
19646,f
19652,f
19658,f
19669,f
19671,f
19674,f
19677,f
19701,f
19716,f
19723,f
19724,f
19739,f
19756,f
19762,f
19764,f
19776,f
19789,f
19792,f
19796,f
19805,f
19806,f
19822,f
19839,f
19843,f
19845,f
19868,f
19874,f
19894,f
19918,f
19921,f
19943,f
19955,f
19964,f
19965,f
19972,f
20004,f
20031,f
20043,f
20054,f
20060,f
20071,f
20083,f
20089,f
20099,f
20109,f
20110,f
20120,f
20123,f
20148,f
20157,f
20164,f
20187,f
20190,f
20201,f
20206,f
20214,f
20246,f
20253,f
20264,f
20265,f
20276,f
20282,f
20295,f
20296,f
20298,f
20304,f
20327,f
20347,f
20375,f
20383,f
20415,f
20421,f
20432,f
20435,f
20454,f
20465,f
20471,f
20484,f
20493,f
20496,f
20519,f
20521,f
20522,f
20523,f
20524,f
20540,f
20541,f
20543,f
20568,f
20591,f
20592,f
20597,f
20599,f
20615,f
20630,f
20637,f
20669,f
20670,f
20677,f
20683,f
20684,f
20691,f
20702,f
20708,f
20714,f
20744,f
20757,f
20759,f
20764,f
20773,f
20777,f
20797,f
20819,f
20828,f
20835,f
20839,f
20855,f
20861,f
20877,f
20908,f
20918,f
20925,f
20970,f
20992,f
21004,f
21008,f
21034,f
21037,f
21039,f
21050,f
21053,f
21075,f
21079,f
21080,f
21083,f
21092,f
21095,f
21097,f
21103,f
21141,f
21166,f
21187,f
21207,f
21208,f
21217,f
21223,f
21232,f
21233,f
21271,f
21275,f
21285,f
21324,f
21326,f
21340,f
21356,f
21359,f
21380,f
21392,f
21410,f
21437,f
21462,f
21466,f
21486,f
21496,f
21499,f
21528,f
21585,f
21587,f
21591,f
21627,f
21652,f
21658,f
21669,f
21675,f
21688,f
21691,f
21700,f
21720,f
21733,f
21759,f
21768,f
21773,f
21775,f
21776,f
21804,f
21805,f
21843,f
21862,f
21873,f
21883,f
21908,f
21914,f
21927,f
21933,f
21961,f
21987,f
21991,f
22003,f
22011,f
22047,f
22069,f
22073,f
22094,f
22095,f
22106,f
22116,f
22143,f
22144,f
22150,f
22175,f
22191,f
22207,f
22211,f
22220,f
22231,f
22241,f
22253,f
22258,f
22275,f
22297,f
22308,f
22310,f
22311,f
22318,f
22331,f
22351,f
22361,f
22380,f
22401,f
22416,f
22468,f
22475,f
22491,f
22515,f
22522,f
22531,f
22545,f
22550,f
22557,f
22560,f
22563,f
22587,f
22606,f
22621,f
22644,f
22660,f
22670,f
22674,f
22683,f
22684,f
22688,f
22700,f
22702,f
22709,f
22726,f
22730,f
22739,f
22744,f
22770,f
22787,f
22789,f
22808,f
22822,f
22856,f
22892,f
22898,f
22902,f
22905,f
22908,f
22912,f
22924,f
22935,f
22936,f
22955,f
22974,f
22984,f
22988,f
23002,f
23007,f
23015,f
23028,f
23029,f
23058,f
23063,f
23067,f
23072,f
23076,f
23077,f
23083,f
23100,f
23133,f
23149,f
23178,f
23183,f
23191,f
23194,f
23203,f
23204,f
23225,f
23231,f
23232,f
23242,f
23248,f
23254,f
23265,f
23268,f
23280,f
23290,f
23334,f
23347,f
23364,f
23366,f
23370,f
23385,f
23400,f
23441,f
23445,f
23454,f
23466,f
23470,f
23486,f
23489,f
23499,f
23511,f
23514,f
23516,f
23552,f
23563,f
23566,f
23580,f
23581,f
23584,f
23588,f
23598,f
23611,f
23614,f
23615,f
23640,f
23647,f
23651,f
23663,f
23665,f
23676,f
23678,f
23683,f
23706,f
23714,f
23715,f
23724,f
23753,f
23764,f
23767,f
23783,f
23792,f
23798,f
23805,f
23847,f
23850,f
23857,f
23880,f
23889,f
23894,f
23897,f
23938,f
23947,f
23970,f
23980,f
23983,f
24005,f
24009,f
24023,f
24028,f
24038,f
24067,f
24079,f
24081,f
24096,f
24098,f
24114,f
24120,f
24179,f
24181,f
24192,f
24197,f
24200,f
24202,f
24221,f
24256,f
24261,f
24271,f
24275,f
24286,f
24287,f
24293,f
24306,f
24314,f
24331,f
24347,f
24370,f
24380,f
24400,f
24412,f
24424,f
24449,f
24504,f
24509,f
24516,f
24533,f
24537,f
24539,f
24542,f
24546,f
24565,f
24566,f
24569,f
24575,f
24580,f
24587,f
24591,f
24600,f
24612,f
24615,f
24620,f
24626,f
24640,f
24653,f
24654,f
24690,f
24695,f
24706,f
24708,f
24710,f
24717,f
24719,f
24730,f
24747,f
24757,f
24769,f
24787,f
24804,f
24812,f
24823,f
24829,f
24857,f
24865,f
24875,f
24903,f
24926,f
24928,f
24930,f
24932,f
24933,f
24942,f
24958,f
24959,f
24960,f
24974,f
24975,f
25005,f
25008,f
25021,f
25028,f
25035,f
25042,f
25043,f
25056,f
25065,f
25069,f
25099,f
25106,f
25108,f
25120,f
25121,f
25133,f
25185,f
25195,f
25201,f
25227,f
25234,f
25266,f
25291,f
25314,f
25330,f
25341,f
25370,f
25379,f
25400,f
25405,f
25409,f
25450,f
25453,f
25458,f
25459,f
25468,f
25479,f
25483,f
25493,f
25495,f
25499,f
25522,f
25526,f
25531,f
25537,f
25544,f
25548,f
25569,f
25583,f
25592,f
25606,f
25624,f
25626,f
25635,f
25666,f
25667,f
25681,f
25704,f
25713,f
25714,f
25716,f
25728,f
25756,f
25761,f
25770,f
25793,f
25795,f
25803,f
25854,f
25857,f
25858,f
25862,f
25866,f
25879,f
25889,f
25910,f
25922,f
25932,f
25956,f
25967,f
25983,f
25985,f
26001,f
26019,f
26032,f
26043,f
26056,f
26061,f
26070,f
26080,f
26092,f
26123,f
26146,f
26157,f
26160,f
26168,f
26171,f
26179,f
26187,f
26191,f
26192,f
26196,f
26213,f
26216,f
26217,f
26226,f
26260,f
26262,f
26263,f
26276,f
26280,f
26283,f
26291,f
26296,f
26335,f
26358,f
26403,f
26411,f
26413,f
26418,f
26448,f
26457,f
26460,f
26465,f
26480,f
26513,f
26517,f
26557,f
26558,f
26569,f
26579,f
26580,f
26583,f
26588,f
26589,f
26595,f
26613,f
26627,f
26631,f
26649,f
26651,f
26671,f
26680,f
26683,f
26701,f
26705,f
26709,f
26712,f
26715,f
26716,f
26718,f
26726,f
26730,f
26736,f
26742,f
26757,f
26758,f
26770,f
26778,f
26784,f
26786,f
26790,f
26804,f
26813,f
26815,f
26824,f
26829,f
26834,f
26835,f
26842,f
26846,f
26861,f
26866,f
26867,f
26870,f
26874,f
26875,f
26888,f
26889,f
26895,f
26920,f
26927,f
26933,f
26934,f
26939,f
26942,f
26973,f
26975,f
26989,f
26994,f
27033,f
27043,f
27052,f
27081,f
27088,f
27094,f
27119,f
27126,f
27142,f
27148,f
27151,f
27154,f
27197,f
27206,f
27224,f
27228,f
27231,f
27294,f
27309,f
27311,f
27322,f
27326,f
27343,f
27356,f
27358,f
27361,f
27369,f
27386,f
27392,f
27395,f
27434,f
27436,f
27440,f
27443,f
27447,f
27469,f
27472,f
27486,f
27499,f
27510,f
27520,f
27523,f
27526,f
27528,f
27540,f
27547,f
27549,f
27563,f
27575,f
27596,f
27604,f
27629,f
27631,f
27638,f
27644,f
27725,f
27728,f
27751,f
27761,f
27762,f
27763,f
27778,f
27781,f
27783,f
27790,f
27798,f
27801,f
27810,f
27841,f
27842,f
27848,f
27850,f
27854,f
27873,f
27874,f
27875,f
27891,f
27894,f
27898,f
27907,f
27911,f
27935,f
27936,f
27960,f
27983,f
27999,f
28020,f
28023,f
28024,f
28029,f
28030,f
28037,f
28048,f
28063,f
28068,f
28074,f
28099,f
28100,f
28103,f
28110,f
28112,f
28113,f
28118,f
28142,f
28148,f
28164,f
28198,f
28206,f
28227,f
28228,f
28229,f
28282,f
28292,f
28294,f
28299,f
28304,f
28338,f
28342,f
28354,f
28361,f
28370,f
28384,f
28389,f
28419,f
28422,f
28433,f
28439,f
28448,f
28461,f
28477,f
28506,f
28523,f
28524,f
28547,f
28596,f
28600,f
28612,f
28623,f
28635,f
28653,f
28659,f
28662,f
28663,f
28666,f
28698,f
28700,f
28705,f
28751,f
28774,f
28805,f
28809,f
28814,f
28829,f
28831,f
28843,f
28846,f
28863,f
28882,f
28884,f
28891,f
28892,f
28909,f
28925,f
28933,f
28961,f
28970,f
28997,f
28998,f
29001,f
29015,f
29025,f
29026,f
29044,f
29051,f
29059,f
29086,f
29096,f
29101,f
29112,f
29122,f
29128,f
29136,f
29190,f
29206,f
29215,f
29226,f
29231,f
29249,f
29262,f
29263,f
29271,f
29277,f
29280,f
29284,f
29285,f
29286,f
29290,f
29296,f
29297,f
29302,f
29304,f
29305,f
29331,f
29335,f
29378,f
29394,f
29406,f
29412,f
29436,f
29440,f
29445,f
29447,f
29449,f
29456,f
29481,f
29501,f
29509,f
29510,f
29513,f
29533,f
29540,f
29548,f
29559,f
29562,f
29567,f
29588,f
29622,f
29629,f
29652,f
29664,f
29668,f
29674,f
29681,f
29685,f
29705,f
29707,f
29712,f
29716,f
29724,f
29760,f
29763,f
29766,f
29767,f
29774,f
29789,f
29796,f
29807,f
29830,f
29847,f
29863,f
29882,f
29889,f
29908,f
29959,f
29982,f
29999,f
30015,f
30043,f
30045,f
30072,f
30089,f
30093,f
30100,f
30146,f
30148,f
30155,f
30165,f
30174,f
30199,f
30210,f
30213,f
30220,f
30222,f
30223,f
30260,f
30270,f
30279,f
30297,f
30337,f
30338,f
30347,f
30351,f
30382,f
30391,f
30392,f
30394,f
30396,f
30397,f
30411,f
30413,f
30422,f
30431,f
30435,f
30439,f
30444,f
30476,f
30478,f
30496,f
30501,f
30511,f
30534,f
30541,f
30544,f
30546,f
30547,f
30551,f
30554,f
30580,f
30590,f
30608,f
30616,f
30621,f
30629,f
30631,f
30646,f
30647,f
30657,f
30667,f
30670,f
30680,f
30726,f
30736,f
30746,f
30766,f
30773,f
30799,f
30830,f
30850,f
30858,f
30862,f
30869,f
30883,f
30916,f
30957,f
30978,f
31007,f
31013,f
31042,f
31043,f
31047,f
31050,f
31067,f
31068,f
31096,f
31113,f
31120,f
31126,f
31134,f
31137,f
31142,f
31149,f
31150,f
31180,f
31188,f
31209,f
31218,f
31232,f
31236,f
31237,f
31240,f
31263,f
31265,f
31316,f
31332,f
31348,f
31363,f
31374,f
31375,f
31379,f
31388,f
31397,f
31401,f
31406,f
31408,f
31418,f
31419,f
31432,f
31438,f
31440,f
31457,f
31464,f
31467,f
31471,f
31473,f
31480,f
31483,f
31499,f
31502,f
31510,f
31550,f
31558,f
31565,f
31573,f
31578,f
31590,f
31600,f
31609,f
31615,f
31616,f
31633,f
31646,f
31650,f
31653,f
31656,f
31663,f
31672,f
31683,f
31692,f
31699,f
31707,f
31729,f
31743,f
31744,f
31752,f
31762,f
31767,f
31776,f
31787,f
31797,f
31809,f
31820,f
31837,f
31840,f
31842,f
31851,f
31855,f
31857,f
31860,f
31876,f
31877,f
31881,f
31883,f
31917,f
31929,f
31930,f
31936,f
31954,f
31956,f
31959,f
31963,f
31981,f
31988,f
32001,f
32003,f
32007,f
32032,f
32039,f
32066,f
32068,f
32071,f
32077,f
32089,f
32108,f
32113,f
32125,f
32151,f
32154,f
32171,f
32175,f
32177,f
32180,f
32202,f
32207,f
32228,f
32247,f
32265,f
32283,f
32286,f
32303,f
32332,f
32346,f
32371,f
32383,f
32392,f
32396,f
32413,f
32435,f
32436,f
32440,f
32457,f
32461,f
32477,f
32482,f
32507,f
32530,f
32563,f
32577,f
32582,f
32588,f
32607,f
32609,f
32610,f
32723,f
32730,f
32739,f
32770,f
32771,f
32782,f
32783,f
32805,f
32829,f
32844,f
32850,f
32858,f
32867,f
32872,f
32891,f
32895,f
32915,f
32916,f
32922,f
32933,f
32935,f
32961,f
32964,f
32981,f
32982,f
32984,f
32992,f
32997,f
33005,f
33036,f
33037,f
33079,f
33124,f
33131,f
33158,f
33161,f
33165,f
33167,f
33175,f
33236,f
33244,f
33257,f
33285,f
33301,f
33340,f
33349,f
33367,f
33368,f
33375,f
33386,f
33399,f
33406,f
33417,f
33420,f
33437,f
33454,f
33460,f
33478,f
33509,f
33519,f
33528,f
33556,f
33558,f
33563,f
33568,f
33574,f
33584,f
33590,f
33611,f
33612,f
33617,f
33620,f
33642,f
33643,f
33661,f
33666,f
33682,f
33692,f
33695,f
33700,f
33711,f
33728,f
33735,f
33748,f
33751,f
33782,f
33791,f
33793,f
33801,f
33806,f
33829,f
33854,f
33864,f
33865,f
33870,f
33901,f
33909,f
33932,f
33937,f
33959,f
33963,f
33968,f
33984,f
33985,f
33992,f
34011,f
34014,f
34032,f
34035,f
34042,f
34043,f
34078,f
34097,f
34098,f
34108,f
34110,f
34123,f
34132,f
34139,f
34144,f
34154,f
34162,f
34167,f
34173,f
34181,f
34193,f
34194,f
34195,f
34210,f
34212,f
34216,f
34233,f
34234,f
34292,f
34302,f
34320,f
34359,f
34368,f
34385,f
34394,f
34401,f
34422,f
34423,f
34451,f
34458,f
34462,f
34463,f
34464,f
34479,f
34490,f
34500,f
34547,f
34559,f
34607,f
34609,f
34631,f
34654,f
34661,f
34672,f
34733,f
34743,f
34762,f
34767,f
34771,f
34794,f
34815,f
34821,f
34825,f
34839,f
34840,f
34844,f
34859,f
34867,f
34878,f
34887,f
34899,f
34907,f
34912,f
34916,f
34927,f
34930,f
34940,f
34941,f
34942,f
34951,f
34952,f
34970,f
34978,f
34991,f
35004,f
35043,f
35047,f
35048,f
35062,f
35081,f
35096,f
35146,f
35158,f
35167,f
35168,f
35171,f
35182,f
35204,f
35211,f
35212,f
35246,f
35252,f
35266,f
35286,f
35296,f
35311,f
35319,f
35325,f
35340,f
35347,f
35353,f
35370,f
35379,f
35382,f
35386,f
35402,f
35425,f
35433,f
35462,f
35498,f
35509,f
35531,f
35533,f
35539,f
35541,f
35547,f
35556,f
35611,f
35620,f
35627,f
35635,f
35643,f
35649,f
35651,f
35660,f
35668,f
35681,f
35690,f
35694,f
35700,f
35704,f
35714,f
35716,f
35718,f
35728,f
35740,f
35742,f
35773,f
35780,f
35807,f
35810,f
35828,f
35836,f
35838,f
35867,f
35869,f
35875,f
35888,f
35901,f
35909,f
35917,f
35922,f
35929,f
35933,f
35935,f
35943,f
35944,f
35950,f
35951,f
35966,f
35974,f
35991,f
35998,f
36002,f
36007,f
36026,f
36037,f
36046,f
36057,f
36095,f
36101,f
36112,f
36134,f
36138,f
36142,f
36150,f
36151,f
36166,f
36172,f
36209,f
36215,f
36242,f
36246,f
36251,f
36254,f
36268,f
36285,f
36323,f
36342,f
36346,f
36360,f
36366,f
36378,f
36412,f
36414,f
36416,f
36424,f
36436,f
36457,f
36460,f
36465,f
36474,f
36484,f
36487,f
36488,f
36491,f
36494,f
36499,f
36504,f
36507,f
36508,f
36517,f
36519,f
36554,f
36559,f
36564,f
36566,f
36567,f
36585,f
36591,f
36593,f
36608,f
36610,f
36621,f
36661,f
36676,f
36678,f
36708,f
36747,f
36753,f
36755,f
36756,f
36793,f
36805,f
36813,f
36856,f
36865,f
36877,f
36887,f
36895,f
36902,f
36910,f
36917,f
36925,f
36930,f
36944,f
36974,f
36988,f
36996,f
37000,f
37007,f
37011,f
37049,f
37053,f
37060,f
37074,f
37089,f
37096,f
37127,f
37129,f
37170,f
37203,f
37208,f
37211,f
37219,f
37237,f
37250,f
37252,f
37277,f
37279,f
37299,f
37301,f
37303,f
37314,f
37325,f
37327,f
37331,f
37332,f
37344,f
37354,f
37361,f
37365,f
37368,f
37370,f
37371,f
37372,f
37377,f
37397,f
37399,f
37406,f
37412,f
37431,f
37433,f
37434,f
37435,f
37445,f
37456,f
37466,f
37467,f
37485,f
37513,f
37530,f
37556,f
37568,f
37583,f
37597,f
37603,f
37665,f
37668,f
37745,f
37750,f
37752,f
37762,f
37794,f
37827,f
37834,f
37838,f
37843,f
37848,f
37854,f
37863,f
37871,f
37885,f
37898,f
37916,f
37937,f
37942,f
37951,f
37970,f
37972,f
38003,f
38018,f
38029,f
38034,f
38046,f
38051,f
38056,f
38060,f
38063,f
38074,f
38085,f
38099,f
38108,f
38111,f
38139,f
38148,f
38149,f
38156,f
38157,f
38165,f
38173,f
38186,f
38190,f
38192,f
38212,f
38217,f
38232,f
38241,f
38242,f
38251,f
38257,f
38270,f
38277,f
38324,f
38353,f
38375,f
38378,f
38381,f
38384,f
38393,f
38405,f
38465,f
38472,f
38479,f
38483,f
38499,f
38511,f
38523,f
38528,f
38533,f
38540,f
38543,f
38579,f
38580,f
38583,f
38593,f
38596,f
38597,f
38615,f
38622,f
38630,f
38640,f
38649,f
38655,f
38656,f
38670,f
38671,f
38692,f
38695,f
38700,f
38716,f
38754,f
38756,f
38757,f
38775,f
38786,f
38797,f
38808,f
38822,f
38841,f
38849,f
38852,f
38867,f
38871,f
38875,f
38897,f
38912,f
38946,f
38957,f
38959,f
38960,f
38962,f
38981,f
38989,f
38994,f
39024,f
39054,f
39080,f
39086,f
39091,f
39100,f
39101,f
39108,f
39109,f
39111,f
39166,f
39168,f
39170,f
39171,f
39188,f
39195,f
39199,f
39201,f
39226,f
39236,f
39273,f
39277,f
39282,f
39313,f
39321,f
39354,f
39361,f
39367,f
39390,f
39401,f
39409,f
39412,f
39434,f
39453,f
39496,f
39503,f
39513,f
39526,f
39541,f
39564,f
39573,f
39593,f
39622,f
39624,f
39626,f
39634,f
39652,f
39712,f
39721,f
39732,f
39736,f
39741,f
39761,f
39766,f
39773,f
39811,f
39847,f
39851,f
39859,f
39868,f
39869,f
39886,f
39893,f
39910,f
39938,f
39954,f
39958,f
39969,f
39971,f
39972,f
39980,f
39988,f
39995,f
39998,f
40016,f
40024,f
40035,f
40038,f
40040,f
40058,f
40071,f
40075,f
40076,f
40085,f
40104,f
40126,f
40154,f
40157,f
40173,f
40180,f
40190,f
40224,f
40238,f
40248,f
40271,f
40276,f
40281,f
40289,f
40292,f
40300,f
40306,f
40309,f
40335,f
40344,f
40352,f
40368,f
40398,f
40400,f
40411,f
40452,f
40457,f
40478,f
40481,f
40490,f
40505,f
40514,f
40523,f
40525,f
40546,f
40555,f
40572,f
40574,f
40576,f
40622,f
40624,f
40627,f
40629,f
40674,f
40682,f
40690,f
40732,f
40826,f
40829,f
40832,f
40833,f
40837,f
40855,f
40860,f
40868,f
40905,f
40912,f
40922,f
40934,f
40935,f
40961,f
40962,f
40970,f
40978,f
40992,f
41001,f
41013,f
41020,f
41021,f
41023,f
41032,f
41052,f
41055,f
41058,f
41061,f
41066,f
41070,f
41082,f
41085,f
41097,f
41099,f
41101,f
41109,f
41117,f
41130,f
41132,f
41133,f
41156,f
41164,f
41168,f
41182,f
41185,f
41189,f
41206,f
41211,f
41224,f
41226,f
41246,f
41273,f
41282,f
41292,f
41293,f
41312,f
41315,f
41317,f
41356,f
41370,f
41397,f
41398,f
41406,f
41409,f
41424,f
41430,f
41451,f
41465,f
41469,f
41476,f
41483,f
41488,f
41489,f
41494,f
41504,f
41517,f
41554,f
41587,f
41596,f
41599,f
41600,f
41612,f
41625,f
41640,f
41641,f
41656,f
41659,f
41665,f
41701,f
41703,f
41712,f
41715,f
41720,f
41730,f
41735,f
41741,f
41748,f
41773,f
41776,f
41782,f
41784,f
41788,f
41795,f
41814,f
41831,f
41858,f
41865,f
41870,f
41882,f
41899,f
41905,f
41910,f
41911,f
41912,f
41926,f
41928,f
41934,f
41955,f
41966,f
41968,f
41984,f
41986,f
41992,f
42005,f
42007,f
42015,f
42023,f
42036,f
42039,f
42045,f
42058,f
42072,f
42082,f
42085,f
42089,f
42091,f
42098,f
42106,f
42176,f
42180,f
42186,f
42187,f
42192,f
42199,f
42204,f
42214,f
42221,f
42228,f
42232,f
42237,f
42257,f
42261,f
42263,f
42267,f
42277,f
42288,f
42296,f
42322,f
42329,f
42331,f
42333,f
42336,f
42342,f
42359,f
42374,f
42383,f
42394,f
42400,f
42403,f
42410,f
42412,f
42414,f
42419,f
42422,f
42432,f
42442,f
42446,f
42449,f
42468,f
42477,f
42497,f
42503,f
42505,f
42541,f
42542,f
42544,f
42557,f
42568,f
42583,f
42598,f
42604,f
42613,f
42615,f
42632,f
42648,f
42669,f
42681,f
42685,f
42687,f
42702,f
42706,f
42714,f
42731,f
42742,f
42743,f
42752,f
42758,f
42767,f
42782,f
42786,f
42796,f
42813,f
42821,f
42849,f
42874,f
42877,f
42880,f
42910,f
42952,f
42960,f
42973,f
42975,f
42976,f
42987,f
43032,f
43033,f
43035,f
43036,f
43045,f
43057,f
43066,f
43083,f
43085,f
43088,f
43102,f
43120,f
43134,f
43137,f
43153,f
43156,f
43160,f
43185,f
43190,f
43192,f
43194,f
43202,f
43206,f
43228,f
43251,f
43280,f
43288,f
43294,f
43299,f
43301,f
43315,f
43318,f
43322,f
43323,f
43328,f
43347,f
43352,f
43355,f
43369,f
43381,f
43384,f
43399,f
43405,f
43428,f
43447,f
43460,f
43474,f
43529,f
43546,f
43556,f
43589,f
43606,f
43616,f
43620,f
43621,f
43622,f
43630,f
43636,f
43699,f
43700,f
43720,f
43730,f
43763,f
43764,f
43775,f
43780,f
43787,f
43800,f
43804,f
43805,f
43824,f
43827,f
43829,f
43846,f
43849,f
43854,f
43862,f
43871,f
43873,f
43889,f
43893,f
43896,f
43909,f
43917,f
43920,f
43923,f
43924,f
43933,f
43938,f
43940,f
43951,f
43953,f
43965,f
43972,f
43973,f
43974,f
43998,f
44006,f
44010,f
44018,f
44041,f
44045,f
44055,f
44057,f
44066,f
44082,f
44088,f
44094,f
44118,f
44127,f
44148,f
44154,f
44191,f
44196,f
44210,f
44222,f
44225,f
44253,f
44270,f
44272,f
44291,f
44302,f
44304,f
44328,f
44339,f
44348,f
44356,f
44359,f
44362,f
44376,f
44382,f
44386,f
44393,f
44397,f
44434,f
44453,f
44493,f
44501,f
44504,f
44506,f
44516,f
44522,f
44528,f
44539,f
44546,f
44547,f
44572,f
44576,f
44580,f
44591,f
44599,f
44612,f
44621,f
44625,f
44631,f
44636,f
44643,f
44649,f
44672,f
44674,f
44679,f
44696,f
44697,f
44718,f
44727,f
44730,f
44731,f
44748,f
44756,f
44758,f
44776,f
44818,f
44857,f
44861,f
44882,f
44891,f
44893,f
44899,f
44903,f
44908,f
44942,f
44974,f
44994,f
44995,f
44999,f
45013,f
45040,f
45043,f
45077,f
45087,f
45089,f
45102,f
45107,f
45132,f
45137,f
45144,f
45153,f
45160,f
45183,f
45188,f
45191,f
45213,f
45226,f
45239,f
45282,f
45286,f
45289,f
45314,f
45329,f
45332,f
45340,f
45344,f
45353,f
45357,f
45362,f
45365,f
45386,f
45400,f
45435,f
45480,f
45503,f
45506,f
45534,f
45538,f
45572,f
45576,f
45582,f
45589,f
45601,f
45644,f
45660,f
45677,f
45706,f
45718,f
45720,f
45721,f
45740,f
45748,f
45766,f
45768,f
45791,f
45795,f
45815,f
45817,f
45830,f
45843,f
45852,f
45863,f
45880,f
45883,f
45885,f
45886,f
45895,f
45939,f
45950,f
45954,f
45960,f
45968,f
45969,f
45975,f
45990,f
46017,f
46030,f
46034,f
46040,f
46060,f
46080,f
46092,f
46097,f
46103,f
46116,f
46130,f
46142,f
46164,f
46181,f
46184,f
46187,f
46214,f
46222,f
46229,f
46242,f
46270,f
46279,f
46291,f
46297,f
46311,f
46321,f
46349,f
46351,f
46357,f
46373,f
46378,f
46389,f
46414,f
46423,f
46433,f
46454,f
46458,f
46468,f
46470,f
46495,f
46498,f
46511,f
46520,f
46522,f
46530,f
46547,f
46552,f
46554,f
46555,f
46567,f
46587,f
46600,f
46605,f
46614,f
46632,f
46636,f
46642,f
46658,f
46672,f
46681,f
46694,f
46728,f
46732,f
46733,f
46734,f
46740,f
46771,f
46794,f
46806,f
46809,f
46816,f
46842,f
46859,f
46866,f
46891,f
46894,f
46895,f
46898,f
46901,f
46908,f
46928,f
46940,f
46943,f
46955,f
46963,f
46966,f
46970,f
46983,f
46998,f
47012,f
47018,f
47025,f
47058,f
47068,f
47074,f
47080,f
47085,f
47105,f
47119,f
47121,f
47128,f
47139,f
47152,f
47156,f
47166,f
47200,f
47206,f
47223,f
47233,f
47287,f
47288,f
47302,f
47305,f
47313,f
47328,f
47329,f
47355,f
47361,f
47363,f
47392,f
47415,f
47448,f
47467,f
47469,f
47479,f
47494,f
47506,f
47509,f
47525,f
47533,f
47535,f
47537,f
47539,f
47543,f
47548,f
47552,f
47583,f
47593,f
47600,f
47603,f
47616,f
47624,f
47625,f
47626,f
47654,f
47656,f
47657,f
47659,f
47675,f
47687,f
47712,f
47718,f
47727,f
47741,f
47792,f
47819,f
47826,f
47835,f
47847,f
47848,f
47855,f
47863,f
47880,f
47886,f
47889,f
47907,f
47908,f
47912,f
47917,f
47925,f
47944,f
47950,f
47952,f
47953,f
47984,f
48045,f
48047,f
48049,f
48130,f
48138,f
48146,f
48171,f
48175,f
48216,f
48221,f
48225,f
48234,f
48235,f
48236,f
48267,f
48275,f
48285,f
48297,f
48300,f
48304,f
48312,f
48336,f
48341,f
48359,f
48374,f
48375,f
48394,f
48400,f
48404,f
48408,f
48417,f
48427,f
48431,f
48440,f
48444,f
48478,f
48510,f
48512,f
48516,f
48522,f
48534,f
48541,f
48542,f
48556,f
48558,f
48561,f
48567,f
48577,f
48598,f
48599,f
48601,f
48603,f
48612,f
48631,f
48649,f
48653,f
48663,f
48670,f
48684,f
48690,f
48739,f
48754,f
48763,f
48770,f
48774,f
48777,f
48783,f
48788,f
48805,f
48811,f
48813,f
48816,f
48819,f
48838,f
48843,f
48853,f
48878,f
48880,f
48914,f
48922,f
48930,f
48933,f
48951,f
48952,f
48971,f
48975,f
48985,f
48994,f
49042,f
49044,f
49087,f
49096,f
49113,f
49119,f
49123,f
49125,f
49140,f
49150,f
49157,f
49166,f
49170,f
49178,f
49181,f
49194,f
49203,f
49263,f
49270,f
49276,f
49281,f
49297,f
49324,f
49335,f
49342,f
49352,f
49353,f
49383,f
49402,f
49420,f
49430,f
49440,f
49444,f
49445,f
49447,f
49453,f
49455,f
49458,f
49469,f
49473,f
49481,f
49489,f
49491,f
49494,f
49525,f
49532,f
49541,f
49557,f
49562,f
49584,f
49590,f
49608,f
49612,f
49618,f
49635,f
49655,f
49680,f
49691,f
49692,f
49695,f
49709,f
49717,f
49733,f
49739,f
49742,f
49744,f
49749,f
49750,f
49760,f
49766,f
49786,f
49794,f
49803,f
49807,f
49830,f
49831,f
49835,f
49844,f
49854,f
49861,f
49868,f
49884,f
49894,f
49910,f
49936,f
49946,f
49956,f
49957,f
49975,f
49980,f
50012,f
50018,f
50020,f
50023,f
50024,f
50028,f
50055,f
50058,f
50061,f
50063,f
50082,f
50115,f
50122,f
50140,f
50153,f
50155,f
50160,f
50164,f
50180,f
50209,f
50212,f
50234,f
50236,f
50274,f
50305,f
50322,f
50336,f
50357,f
50359,f
50363,f
50364,f
50377,f
50403,f
50417,f
50444,f
50450,f
50459,f
50467,f
50469,f
50484,f
50494,f
50506,f
50549,f
50553,f
50559,f
50593,f
50605,f
50612,f
50641,f
50655,f
50662,f
50674,f
50680,f
50691,f
50702,f
50708,f
50710,f
50711,f
50771,f
50779,f
50785,f
50790,f
50794,f
50803,f
50812,f
50840,f
50844,f
50861,f
50865,f
50877,f
50883,f
50890,f
50903,f
50915,f
50917,f
50923,f
50924,f
50937,f
50967,f
50979,f
51029,f
51032,f
51049,f
51095,f
51107,f
51111,f
51112,f
51129,f
51163,f
51164,f
51185,f
51246,f
51248,f
51261,f
51278,f
51289,f
51297,f
51320,f
51365,f
51368,f
51378,f
51384,f
51414,f
51416,f
51423,f
51425,f
51434,f
51436,f
51450,f
51464,f
51473,f
51487,f
51490,f
51505,f
51509,f
51510,f
51511,f
51517,f
51518,f
51520,f
51524,f
51525,f
51527,f
51544,f
51549,f
51571,f
51583,f
51590,f
51591,f
51596,f
51607,f
51630,f
51641,f
51663,f
51671,f
51678,f
51682,f
51701,f
51707,f
51717,f
51726,f
51729,f
51752,f
51761,f
51785,f
51789,f
51824,f
51828,f
51843,f
51851,f
51855,f
51856,f
51857,f
51883,f
51893,f
51940,f
51962,f
51964,f
51965,f
51981,f
51982,f
52001,f
52018,f
52019,f
52036,f
52048,f
52051,f
52054,f
52057,f
52067,f
52074,f
52075,f
52081,f
52103,f
52129,f
52139,f
52147,f
52149,f
52153,f
52193,f
52197,f
52208,f
52212,f
52218,f
52219,f
52237,f
52283,f
52301,f
52326,f
52332,f
52338,f
52339,f
52346,f
52350,f
52362,f
52363,f
52364,f
52377,f
52410,f
52414,f
52418,f
52443,f
52453,f
52459,f
52473,f
52474,f
52478,f
52481,f
52511,f
52522,f
52524,f
52538,f
52559,f
52575,f
52582,f
52592,f
52640,f
52646,f
52651,f
52659,f
52663,f
52666,f
52674,f
52675,f
52684,f
52689,f
52692,f
52714,f
52730,f
52738,f
52743,f
52785,f
52791,f
52801,f
52802,f
52805,f
52839,f
52845,f
52862,f
52889,f
52894,f
52920,f
52948,f
52953,f
52964,f
52969,f
52987,f
52991,f
52998,f
53002,f
53016,f
53023,f
53030,f
53066,f
53067,f
53075,f
53098,f
53101,f
53114,f
53139,f
53148,f
53169,f
53199,f
53205,f
53228,f
53239,f
53241,f
53260,f
53286,f
53289,f
53307,f
53335,f
53362,f
53369,f
53383,f
53390,f
53400,f
53402,f
53403,f
53427,f
53436,f
53441,f
53455,f
53463,f
53465,f
53468,f
53491,f
53495,f
53525,f
53531,f
53534,f
53561,f
53581,f
53592,f
