order_date,order_year,order_month,order_day,date_id
2021-10-24,2021.0,10.0,24.0,1
2024-02-01,2024.0,2.0,1.0,2
2025-05-20,2025.0,5.0,20.0,3
2025-07-08,2025.0,7.0,8.0,4
2026-03-18,2026.0,3.0,18.0,5
2023-02-17,2023.0,2.0,17.0,6
2025-12-06,2025.0,12.0,6.0,7
2026-02-12,2026.0,2.0,12.0,8
2025-12-17,2025.0,12.0,17.0,9
2022-07-26,2022.0,7.0,26.0,10
2024-07-19,2024.0,7.0,19.0,11
2021-09-19,2021.0,9.0,19.0,12
2025-12-09,2025.0,12.0,9.0,13
2026-01-26,2026.0,1.0,26.0,14
2025-03-27,2025.0,3.0,27.0,15
2026-02-26,2026.0,2.0,26.0,16
2025-04-05,2025.0,4.0,5.0,17
2025-08-17,2025.0,8.0,17.0,18
2021-08-09,2021.0,8.0,9.0,19
2025-05-22,2025.0,5.0,22.0,20
2025-08-14,2025.0,8.0,14.0,21
2025-10-12,2025.0,10.0,12.0,22
2025-06-01,2025.0,6.0,1.0,23
2021-03-31,2021.0,3.0,31.0,24
2025-02-25,2025.0,2.0,25.0,25
2023-11-21,2023.0,11.0,21.0,26
2024-11-02,2024.0,11.0,2.0,27
,,,,28
2023-12-12,2023.0,12.0,12.0,29
2023-07-12,2023.0,7.0,12.0,30
2024-05-15,2024.0,5.0,15.0,31
2025-09-16,2025.0,9.0,16.0,32
2025-07-11,2025.0,7.0,11.0,33
2025-02-28,2025.0,2.0,28.0,34
2025-06-06,2025.0,6.0,6.0,35
2025-12-15,2025.0,12.0,15.0,36
2024-09-22,2024.0,9.0,22.0,37
2023-05-25,2023.0,5.0,25.0,38
2024-12-27,2024.0,12.0,27.0,39
2024-05-27,2024.0,5.0,27.0,40
2024-07-29,2024.0,7.0,29.0,41
2025-09-25,2025.0,9.0,25.0,42
2025-01-27,2025.0,1.0,27.0,43
2026-03-03,2026.0,3.0,3.0,44
2024-06-30,2024.0,6.0,30.0,45
2026-02-16,2026.0,2.0,16.0,46
2024-07-26,2024.0,7.0,26.0,47
2023-09-22,2023.0,9.0,22.0,48
2026-02-24,2026.0,2.0,24.0,49
2025-11-21,2025.0,11.0,21.0,50
2022-07-13,2022.0,7.0,13.0,51
2025-05-19,2025.0,5.0,19.0,52
2023-04-23,2023.0,4.0,23.0,53
2026-01-01,2026.0,1.0,1.0,54
2025-03-29,2025.0,3.0,29.0,55
2023-12-17,2023.0,12.0,17.0,56
2023-10-16,2023.0,10.0,16.0,57
2025-04-09,2025.0,4.0,9.0,58
2023-12-10,2023.0,12.0,10.0,59
2021-07-05,2021.0,7.0,5.0,60
2025-03-23,2025.0,3.0,23.0,61
2022-11-08,2022.0,11.0,8.0,62
2025-07-16,2025.0,7.0,16.0,63
2026-02-21,2026.0,2.0,21.0,64
2025-11-09,2025.0,11.0,9.0,65
2025-01-14,2025.0,1.0,14.0,66
2026-01-31,2026.0,1.0,31.0,67
2026-01-08,2026.0,1.0,8.0,68
2021-12-11,2021.0,12.0,11.0,69
2025-11-16,2025.0,11.0,16.0,70
2025-09-19,2025.0,9.0,19.0,71
2024-11-10,2024.0,11.0,10.0,72
2025-02-15,2025.0,2.0,15.0,73
2021-12-05,2021.0,12.0,5.0,74
2022-03-27,2022.0,3.0,27.0,75
2024-05-19,2024.0,5.0,19.0,76
2025-12-21,2025.0,12.0,21.0,77
2020-09-27,2020.0,9.0,27.0,78
2024-11-07,2024.0,11.0,7.0,79
2025-07-05,2025.0,7.0,5.0,80
2024-03-13,2024.0,3.0,13.0,81
2025-07-02,2025.0,7.0,2.0,82
2026-02-04,2026.0,2.0,4.0,83
2024-11-11,2024.0,11.0,11.0,84
2024-01-01,2024.0,1.0,1.0,85
2023-12-04,2023.0,12.0,4.0,86
2023-09-02,2023.0,9.0,2.0,87
2025-11-26,2025.0,11.0,26.0,88
2025-07-17,2025.0,7.0,17.0,89
2026-03-08,2026.0,3.0,8.0,90
2025-10-10,2025.0,10.0,10.0,91
2022-11-11,2022.0,11.0,11.0,92
2025-03-14,2025.0,3.0,14.0,93
2021-12-27,2021.0,12.0,27.0,94
2026-01-29,2026.0,1.0,29.0,95
2025-01-21,2025.0,1.0,21.0,96
2022-09-05,2022.0,9.0,5.0,97
2023-10-17,2023.0,10.0,17.0,98
2023-05-26,2023.0,5.0,26.0,99
2023-09-19,2023.0,9.0,19.0,100
2020-12-26,2020.0,12.0,26.0,101
2021-01-19,2021.0,1.0,19.0,102
2023-08-03,2023.0,8.0,3.0,103
2024-03-26,2024.0,3.0,26.0,104
2025-09-26,2025.0,9.0,26.0,105
2025-08-24,2025.0,8.0,24.0,106
2023-12-06,2023.0,12.0,6.0,107
2019-11-17,2019.0,11.0,17.0,108
2024-05-20,2024.0,5.0,20.0,109
2024-12-24,2024.0,12.0,24.0,110
2026-02-28,2026.0,2.0,28.0,111
2023-07-20,2023.0,7.0,20.0,112
2023-10-20,2023.0,10.0,20.0,113
2025-07-14,2025.0,7.0,14.0,114
2025-02-02,2025.0,2.0,2.0,115
2026-01-27,2026.0,1.0,27.0,116
2026-01-13,2026.0,1.0,13.0,117
2025-06-22,2025.0,6.0,22.0,118
2025-10-22,2025.0,10.0,22.0,119
2023-11-14,2023.0,11.0,14.0,120
2026-03-04,2026.0,3.0,4.0,121
2025-02-26,2025.0,2.0,26.0,122
2026-01-10,2026.0,1.0,10.0,123
2025-03-10,2025.0,3.0,10.0,124
2025-06-20,2025.0,6.0,20.0,125
2024-12-04,2024.0,12.0,4.0,126
2024-06-05,2024.0,6.0,5.0,127
2025-11-28,2025.0,11.0,28.0,128
2025-09-05,2025.0,9.0,5.0,129
2023-05-24,2023.0,5.0,24.0,130
2024-10-05,2024.0,10.0,5.0,131
2024-12-10,2024.0,12.0,10.0,132
2025-05-27,2025.0,5.0,27.0,133
2021-11-09,2021.0,11.0,9.0,134
2024-01-26,2024.0,1.0,26.0,135
2025-04-12,2025.0,4.0,12.0,136
2023-10-18,2023.0,10.0,18.0,137
2024-12-07,2024.0,12.0,7.0,138
2023-06-11,2023.0,6.0,11.0,139
2025-01-25,2025.0,1.0,25.0,140
2025-10-06,2025.0,10.0,6.0,141
2025-07-10,2025.0,7.0,10.0,142
2025-10-19,2025.0,10.0,19.0,143
2025-02-19,2025.0,2.0,19.0,144
2021-02-22,2021.0,2.0,22.0,145
2025-10-26,2025.0,10.0,26.0,146
2019-11-13,2019.0,11.0,13.0,147
2024-05-02,2024.0,5.0,2.0,148
2023-08-19,2023.0,8.0,19.0,149
2024-12-31,2024.0,12.0,31.0,150
2025-12-18,2025.0,12.0,18.0,151
2025-11-14,2025.0,11.0,14.0,152
2024-11-18,2024.0,11.0,18.0,153
2025-08-26,2025.0,8.0,26.0,154
2024-01-19,2024.0,1.0,19.0,155
2025-02-16,2025.0,2.0,16.0,156
2022-08-16,2022.0,8.0,16.0,157
2024-05-05,2024.0,5.0,5.0,158
2024-07-28,2024.0,7.0,28.0,159
2025-12-23,2025.0,12.0,23.0,160
2024-07-18,2024.0,7.0,18.0,161
2020-04-28,2020.0,4.0,28.0,162
2023-06-21,2023.0,6.0,21.0,163
2024-06-03,2024.0,6.0,3.0,164
2026-01-07,2026.0,1.0,7.0,165
2025-10-07,2025.0,10.0,7.0,166
2022-08-22,2022.0,8.0,22.0,167
2021-07-06,2021.0,7.0,6.0,168
2022-02-14,2022.0,2.0,14.0,169
2024-10-07,2024.0,10.0,7.0,170
2024-03-23,2024.0,3.0,23.0,171
2024-03-24,2024.0,3.0,24.0,172
2023-10-26,2023.0,10.0,26.0,173
2025-11-18,2025.0,11.0,18.0,174
2024-06-09,2024.0,6.0,9.0,175
2023-05-08,2023.0,5.0,8.0,176
2021-07-07,2021.0,7.0,7.0,177
2024-11-09,2024.0,11.0,9.0,178
2025-08-25,2025.0,8.0,25.0,179
2024-01-10,2024.0,1.0,10.0,180
2023-11-19,2023.0,11.0,19.0,181
2025-11-27,2025.0,11.0,27.0,182
2025-10-29,2025.0,10.0,29.0,183
2025-03-06,2025.0,3.0,6.0,184
2025-05-01,2025.0,5.0,1.0,185
2025-06-10,2025.0,6.0,10.0,186
2023-06-20,2023.0,6.0,20.0,187
2025-12-19,2025.0,12.0,19.0,188
2025-07-29,2025.0,7.0,29.0,189
2025-12-30,2025.0,12.0,30.0,190
2026-03-13,2026.0,3.0,13.0,191
2021-11-01,2021.0,11.0,1.0,192
2023-11-30,2023.0,11.0,30.0,193
2024-06-07,2024.0,6.0,7.0,194
2025-06-12,2025.0,6.0,12.0,195
2022-12-27,2022.0,12.0,27.0,196
2024-02-25,2024.0,2.0,25.0,197
2024-10-31,2024.0,10.0,31.0,198
2021-09-03,2021.0,9.0,3.0,199
2022-11-30,2022.0,11.0,30.0,200
2025-10-23,2025.0,10.0,23.0,201
2021-08-02,2021.0,8.0,2.0,202
2024-08-17,2024.0,8.0,17.0,203
2025-05-04,2025.0,5.0,4.0,204
2023-02-15,2023.0,2.0,15.0,205
2021-09-21,2021.0,9.0,21.0,206
2021-07-28,2021.0,7.0,28.0,207
2023-01-12,2023.0,1.0,12.0,208
2024-05-08,2024.0,5.0,8.0,209
2024-04-11,2024.0,4.0,11.0,210
2023-10-08,2023.0,10.0,8.0,211
2025-12-14,2025.0,12.0,14.0,212
2020-12-05,2020.0,12.0,5.0,213
2025-08-27,2025.0,8.0,27.0,214
2025-07-04,2025.0,7.0,4.0,215
2025-05-05,2025.0,5.0,5.0,216
2026-01-15,2026.0,1.0,15.0,217
2022-11-01,2022.0,11.0,1.0,218
2020-08-16,2020.0,8.0,16.0,219
2026-02-07,2026.0,2.0,7.0,220
2025-11-04,2025.0,11.0,4.0,221
2021-10-06,2021.0,10.0,6.0,222
2025-12-16,2025.0,12.0,16.0,223
2021-07-21,2021.0,7.0,21.0,224
2025-03-24,2025.0,3.0,24.0,225
2026-01-30,2026.0,1.0,30.0,226
2025-10-05,2025.0,10.0,5.0,227
2022-11-28,2022.0,11.0,28.0,228
2024-12-23,2024.0,12.0,23.0,229
2021-09-07,2021.0,9.0,7.0,230
2024-11-05,2024.0,11.0,5.0,231
2023-04-10,2023.0,4.0,10.0,232
2025-05-24,2025.0,5.0,24.0,233
2021-10-26,2021.0,10.0,26.0,234
2023-09-12,2023.0,9.0,12.0,235
2026-01-21,2026.0,1.0,21.0,236
2022-09-16,2022.0,9.0,16.0,237
2024-05-13,2024.0,5.0,13.0,238
2023-08-27,2023.0,8.0,27.0,239
2024-07-06,2024.0,7.0,6.0,240
2023-08-30,2023.0,8.0,30.0,241
2024-10-09,2024.0,10.0,9.0,242
2025-08-05,2025.0,8.0,5.0,243
2025-09-13,2025.0,9.0,13.0,244
2024-07-27,2024.0,7.0,27.0,245
2022-11-09,2022.0,11.0,9.0,246
2022-01-04,2022.0,1.0,4.0,247
2025-07-06,2025.0,7.0,6.0,248
2025-07-24,2025.0,7.0,24.0,249
2024-06-23,2024.0,6.0,23.0,250
2025-03-12,2025.0,3.0,12.0,251
2025-08-15,2025.0,8.0,15.0,252
2025-03-17,2025.0,3.0,17.0,253
2025-09-17,2025.0,9.0,17.0,254
2022-07-20,2022.0,7.0,20.0,255
2022-05-10,2022.0,5.0,10.0,256
2023-01-19,2023.0,1.0,19.0,257
2026-02-13,2026.0,2.0,13.0,258
2024-08-15,2024.0,8.0,15.0,259
2025-09-23,2025.0,9.0,23.0,260
2026-02-23,2026.0,2.0,23.0,261
2026-01-04,2026.0,1.0,4.0,262
2020-04-03,2020.0,4.0,3.0,263
2022-12-28,2022.0,12.0,28.0,264
2025-01-05,2025.0,1.0,5.0,265
2024-03-11,2024.0,3.0,11.0,266
2024-05-17,2024.0,5.0,17.0,267
2023-08-17,2023.0,8.0,17.0,268
2025-01-26,2025.0,1.0,26.0,269
2026-02-25,2026.0,2.0,25.0,270
2020-12-06,2020.0,12.0,6.0,271
2024-11-24,2024.0,11.0,24.0,272
2024-04-10,2024.0,4.0,10.0,273
2022-08-27,2022.0,8.0,27.0,274
2023-12-11,2023.0,12.0,11.0,275
2025-10-17,2025.0,10.0,17.0,276
2025-01-01,2025.0,1.0,1.0,277
2025-06-19,2025.0,6.0,19.0,278
2025-11-06,2025.0,11.0,6.0,279
2025-10-03,2025.0,10.0,3.0,280
2021-10-29,2021.0,10.0,29.0,281
2023-05-07,2023.0,5.0,7.0,282
2023-12-13,2023.0,12.0,13.0,283
2024-02-12,2024.0,2.0,12.0,284
2024-02-03,2024.0,2.0,3.0,285
2022-04-11,2022.0,4.0,11.0,286
2025-02-01,2025.0,2.0,1.0,287
2023-10-13,2023.0,10.0,13.0,288
2026-02-02,2026.0,2.0,2.0,289
2024-10-23,2024.0,10.0,23.0,290
2023-08-14,2023.0,8.0,14.0,291
2022-07-11,2022.0,7.0,11.0,292
2024-08-05,2024.0,8.0,5.0,293
2021-05-02,2021.0,5.0,2.0,294
2023-03-06,2023.0,3.0,6.0,295
2024-08-04,2024.0,8.0,4.0,296
2024-02-18,2024.0,2.0,18.0,297
2025-09-11,2025.0,9.0,11.0,298
2024-12-26,2024.0,12.0,26.0,299
2022-04-18,2022.0,4.0,18.0,300
2021-03-20,2021.0,3.0,20.0,301
2025-07-28,2025.0,7.0,28.0,302
2026-03-10,2026.0,3.0,10.0,303
2020-08-14,2020.0,8.0,14.0,304
2024-12-03,2024.0,12.0,3.0,305
2023-08-31,2023.0,8.0,31.0,306
2022-10-03,2022.0,10.0,3.0,307
2024-12-25,2024.0,12.0,25.0,308
2021-08-13,2021.0,8.0,13.0,309
2022-12-16,2022.0,12.0,16.0,310
2024-09-01,2024.0,9.0,1.0,311
2025-12-04,2025.0,12.0,4.0,312
2025-03-21,2025.0,3.0,21.0,313
2019-06-09,2019.0,6.0,9.0,314
2025-11-01,2025.0,11.0,1.0,315
2024-12-28,2024.0,12.0,28.0,316
2021-10-22,2021.0,10.0,22.0,317
2022-09-21,2022.0,9.0,21.0,318
2022-12-19,2022.0,12.0,19.0,319
2022-01-15,2022.0,1.0,15.0,320
2021-05-04,2021.0,5.0,4.0,321
2025-12-27,2025.0,12.0,27.0,322
2024-07-15,2024.0,7.0,15.0,323
2021-06-08,2021.0,6.0,8.0,324
2021-02-13,2021.0,2.0,13.0,325
2021-04-22,2021.0,4.0,22.0,326
2023-08-08,2023.0,8.0,8.0,327
2025-05-09,2025.0,5.0,9.0,328
2024-11-21,2024.0,11.0,21.0,329
2023-11-20,2023.0,11.0,20.0,330
2021-07-08,2021.0,7.0,8.0,331
2022-04-05,2022.0,4.0,5.0,332
2025-10-01,2025.0,10.0,1.0,333
2020-12-09,2020.0,12.0,9.0,334
2023-09-23,2023.0,9.0,23.0,335
2026-02-03,2026.0,2.0,3.0,336
2024-08-20,2024.0,8.0,20.0,337
2025-11-05,2025.0,11.0,5.0,338
2020-10-18,2020.0,10.0,18.0,339
2023-04-03,2023.0,4.0,3.0,340
2022-05-27,2022.0,5.0,27.0,341
2024-12-30,2024.0,12.0,30.0,342
2023-09-26,2023.0,9.0,26.0,343
2024-07-17,2024.0,7.0,17.0,344
2022-03-08,2022.0,3.0,8.0,345
2022-04-25,2022.0,4.0,25.0,346
2023-11-07,2023.0,11.0,7.0,347
2026-03-14,2026.0,3.0,14.0,348
2025-01-07,2025.0,1.0,7.0,349
2023-12-15,2023.0,12.0,15.0,350
2024-04-22,2024.0,4.0,22.0,351
2023-01-25,2023.0,1.0,25.0,352
2025-01-10,2025.0,1.0,10.0,353
2023-10-07,2023.0,10.0,7.0,354
2024-08-06,2024.0,8.0,6.0,355
2024-09-07,2024.0,9.0,7.0,356
2019-05-27,2019.0,5.0,27.0,357
2024-04-14,2024.0,4.0,14.0,358
2025-04-16,2025.0,4.0,16.0,359
2025-06-25,2025.0,6.0,25.0,360
2025-05-26,2025.0,5.0,26.0,361
2023-12-09,2023.0,12.0,9.0,362
2021-03-17,2021.0,3.0,17.0,363
2021-01-05,2021.0,1.0,5.0,364
2024-11-15,2024.0,11.0,15.0,365
2024-12-08,2024.0,12.0,8.0,366
2021-10-16,2021.0,10.0,16.0,367
2024-08-28,2024.0,8.0,28.0,368
2025-08-02,2025.0,8.0,2.0,369
2026-01-14,2026.0,1.0,14.0,370
2025-11-22,2025.0,11.0,22.0,371
2022-12-01,2022.0,12.0,1.0,372
2025-04-23,2025.0,4.0,23.0,373
2025-07-31,2025.0,7.0,31.0,374
2024-02-02,2024.0,2.0,2.0,375
2026-01-09,2026.0,1.0,9.0,376
2022-04-02,2022.0,4.0,2.0,377
2021-09-16,2021.0,9.0,16.0,378
2023-01-17,2023.0,1.0,17.0,379
2025-10-28,2025.0,10.0,28.0,380
2025-11-11,2025.0,11.0,11.0,381
2024-05-22,2024.0,5.0,22.0,382
2021-12-03,2021.0,12.0,3.0,383
2025-05-07,2025.0,5.0,7.0,384
2025-08-12,2025.0,8.0,12.0,385
2025-01-08,2025.0,1.0,8.0,386
2020-07-03,2020.0,7.0,3.0,387
2023-06-16,2023.0,6.0,16.0,388
2020-09-19,2020.0,9.0,19.0,389
2023-10-12,2023.0,10.0,12.0,390
2023-01-27,2023.0,1.0,27.0,391
2020-07-14,2020.0,7.0,14.0,392
2024-06-22,2024.0,6.0,22.0,393
2025-12-13,2025.0,12.0,13.0,394
2025-07-03,2025.0,7.0,3.0,395
2026-02-10,2026.0,2.0,10.0,396
2024-01-11,2024.0,1.0,11.0,397
2021-06-17,2021.0,6.0,17.0,398
2024-08-12,2024.0,8.0,12.0,399
2022-04-20,2022.0,4.0,20.0,400
2023-01-02,2023.0,1.0,2.0,401
2025-12-29,2025.0,12.0,29.0,402
2021-04-20,2021.0,4.0,20.0,403
2023-10-09,2023.0,10.0,9.0,404
2021-08-07,2021.0,8.0,7.0,405
2022-01-09,2022.0,1.0,9.0,406
2025-11-15,2025.0,11.0,15.0,407
2020-09-30,2020.0,9.0,30.0,408
2022-12-12,2022.0,12.0,12.0,409
2024-02-06,2024.0,2.0,6.0,410
2024-08-07,2024.0,8.0,7.0,411
2024-01-17,2024.0,1.0,17.0,412
2025-11-20,2025.0,11.0,20.0,413
2026-02-14,2026.0,2.0,14.0,414
2026-03-16,2026.0,3.0,16.0,415
2025-02-14,2025.0,2.0,14.0,416
2024-10-26,2024.0,10.0,26.0,417
2021-09-28,2021.0,9.0,28.0,418
2024-08-02,2024.0,8.0,2.0,419
2024-10-01,2024.0,10.0,1.0,420
2025-07-19,2025.0,7.0,19.0,421
2024-04-23,2024.0,4.0,23.0,422
2024-12-18,2024.0,12.0,18.0,423
2024-07-31,2024.0,7.0,31.0,424
2023-12-30,2023.0,12.0,30.0,425
2024-11-12,2024.0,11.0,12.0,426
2025-07-12,2025.0,7.0,12.0,427
2023-08-22,2023.0,8.0,22.0,428
2024-12-01,2024.0,12.0,1.0,429
2025-04-24,2025.0,4.0,24.0,430
2026-02-01,2026.0,2.0,1.0,431
2024-02-16,2024.0,2.0,16.0,432
2023-03-26,2023.0,3.0,26.0,433
2025-11-30,2025.0,11.0,30.0,434
2022-04-15,2022.0,4.0,15.0,435
2022-12-29,2022.0,12.0,29.0,436
2022-07-21,2022.0,7.0,21.0,437
2020-04-26,2020.0,4.0,26.0,438
2025-09-30,2025.0,9.0,30.0,439
2023-06-04,2023.0,6.0,4.0,440
2025-08-10,2025.0,8.0,10.0,441
2024-07-01,2024.0,7.0,1.0,442
2025-08-03,2025.0,8.0,3.0,443
2025-10-20,2025.0,10.0,20.0,444
2025-07-25,2025.0,7.0,25.0,445
2021-06-27,2021.0,6.0,27.0,446
2022-04-09,2022.0,4.0,9.0,447
2021-07-04,2021.0,7.0,4.0,448
2025-08-22,2025.0,8.0,22.0,449
2023-11-10,2023.0,11.0,10.0,450
2025-03-08,2025.0,3.0,8.0,451
2024-09-30,2024.0,9.0,30.0,452
2026-02-05,2026.0,2.0,5.0,453
2021-12-13,2021.0,12.0,13.0,454
2024-10-17,2024.0,10.0,17.0,455
2023-12-14,2023.0,12.0,14.0,456
2024-05-03,2024.0,5.0,3.0,457
2023-01-28,2023.0,1.0,28.0,458
2023-09-15,2023.0,9.0,15.0,459
2025-12-20,2025.0,12.0,20.0,460
2022-02-23,2022.0,2.0,23.0,461
2024-07-05,2024.0,7.0,5.0,462
2023-04-17,2023.0,4.0,17.0,463
2020-04-12,2020.0,4.0,12.0,464
2025-02-09,2025.0,2.0,9.0,465
2021-09-25,2021.0,9.0,25.0,466
2025-02-06,2025.0,2.0,6.0,467
2025-05-16,2025.0,5.0,16.0,468
2022-07-24,2022.0,7.0,24.0,469
2023-03-28,2023.0,3.0,28.0,470
2025-04-22,2025.0,4.0,22.0,471
2025-01-12,2025.0,1.0,12.0,472
2025-11-13,2025.0,11.0,13.0,473
2024-01-14,2024.0,1.0,14.0,474
2025-04-18,2025.0,4.0,18.0,475
2021-06-26,2021.0,6.0,26.0,476
2024-04-30,2024.0,4.0,30.0,477
2021-12-29,2021.0,12.0,29.0,478
2022-03-02,2022.0,3.0,2.0,479
2022-06-05,2022.0,6.0,5.0,480
2019-10-09,2019.0,10.0,9.0,481
2021-03-24,2021.0,3.0,24.0,482
2022-11-19,2022.0,11.0,19.0,483
2025-09-02,2025.0,9.0,2.0,484
2022-01-28,2022.0,1.0,28.0,485
2026-01-03,2026.0,1.0,3.0,486
2026-02-15,2026.0,2.0,15.0,487
2023-03-11,2023.0,3.0,11.0,488
2023-11-18,2023.0,11.0,18.0,489
2025-12-08,2025.0,12.0,8.0,490
2024-12-14,2024.0,12.0,14.0,491
2025-09-08,2025.0,9.0,8.0,492
2021-02-24,2021.0,2.0,24.0,493
2023-07-01,2023.0,7.0,1.0,494
2025-06-16,2025.0,6.0,16.0,495
2020-12-08,2020.0,12.0,8.0,496
2024-02-29,2024.0,2.0,29.0,497
2025-03-20,2025.0,3.0,20.0,498
2021-04-18,2021.0,4.0,18.0,499
2025-04-13,2025.0,4.0,13.0,500
2025-02-17,2025.0,2.0,17.0,501
2024-09-21,2024.0,9.0,21.0,502
2022-12-09,2022.0,12.0,9.0,503
2020-04-09,2020.0,4.0,9.0,504
2021-04-26,2021.0,4.0,26.0,505
2022-08-02,2022.0,8.0,2.0,506
2026-02-27,2026.0,2.0,27.0,507
2023-07-19,2023.0,7.0,19.0,508
2021-08-18,2021.0,8.0,18.0,509
2023-10-01,2023.0,10.0,1.0,510
2024-10-02,2024.0,10.0,2.0,511
2024-04-01,2024.0,4.0,1.0,512
2021-02-09,2021.0,2.0,9.0,513
2026-03-07,2026.0,3.0,7.0,514
2022-07-10,2022.0,7.0,10.0,515
2025-08-30,2025.0,8.0,30.0,516
2022-10-14,2022.0,10.0,14.0,517
2023-04-26,2023.0,4.0,26.0,518
2024-03-30,2024.0,3.0,30.0,519
2024-01-23,2024.0,1.0,23.0,520
2022-03-05,2022.0,3.0,5.0,521
2024-11-23,2024.0,11.0,23.0,522
2025-06-17,2025.0,6.0,17.0,523
2019-12-05,2019.0,12.0,5.0,524
2024-01-21,2024.0,1.0,21.0,525
2024-04-16,2024.0,4.0,16.0,526
2022-05-23,2022.0,5.0,23.0,527
2024-02-11,2024.0,2.0,11.0,528
2022-08-25,2022.0,8.0,25.0,529
2025-02-12,2025.0,2.0,12.0,530
2021-07-30,2021.0,7.0,30.0,531
2020-06-15,2020.0,6.0,15.0,532
2023-02-03,2023.0,2.0,3.0,533
2026-02-18,2026.0,2.0,18.0,534
2025-04-30,2025.0,4.0,30.0,535
2026-01-05,2026.0,1.0,5.0,536
2025-03-19,2025.0,3.0,19.0,537
2024-10-15,2024.0,10.0,15.0,538
2024-03-14,2024.0,3.0,14.0,539
2019-10-25,2019.0,10.0,25.0,540
2023-11-05,2023.0,11.0,5.0,541
2022-04-28,2022.0,4.0,28.0,542
2024-07-04,2024.0,7.0,4.0,543
2024-02-19,2024.0,2.0,19.0,544
2025-06-23,2025.0,6.0,23.0,545
2023-10-28,2023.0,10.0,28.0,546
2022-10-30,2022.0,10.0,30.0,547
2022-10-08,2022.0,10.0,8.0,548
2023-08-25,2023.0,8.0,25.0,549
2024-09-02,2024.0,9.0,2.0,550
2022-04-27,2022.0,4.0,27.0,551
2024-02-26,2024.0,2.0,26.0,552
2023-10-14,2023.0,10.0,14.0,553
2022-05-31,2022.0,5.0,31.0,554
2023-02-06,2023.0,2.0,6.0,555
2025-02-20,2025.0,2.0,20.0,556
2024-07-16,2024.0,7.0,16.0,557
2024-07-12,2024.0,7.0,12.0,558
2022-04-01,2022.0,4.0,1.0,559
2025-06-26,2025.0,6.0,26.0,560
2024-03-09,2024.0,3.0,9.0,561
2025-08-28,2025.0,8.0,28.0,562
2025-01-28,2025.0,1.0,28.0,563
2024-06-21,2024.0,6.0,21.0,564
2024-04-13,2024.0,4.0,13.0,565
2025-06-24,2025.0,6.0,24.0,566
2026-02-09,2026.0,2.0,9.0,567
2026-01-22,2026.0,1.0,22.0,568
2025-06-27,2025.0,6.0,27.0,569
2019-03-06,2019.0,3.0,6.0,570
2023-04-11,2023.0,4.0,11.0,571
2026-03-12,2026.0,3.0,12.0,572
2022-02-17,2022.0,2.0,17.0,573
2021-11-18,2021.0,11.0,18.0,574
2023-09-21,2023.0,9.0,21.0,575
2024-06-14,2024.0,6.0,14.0,576
2025-03-01,2025.0,3.0,1.0,577
2023-06-14,2023.0,6.0,14.0,578
2023-12-21,2023.0,12.0,21.0,579
2022-06-26,2022.0,6.0,26.0,580
2025-12-28,2025.0,12.0,28.0,581
2021-07-11,2021.0,7.0,11.0,582
2026-02-11,2026.0,2.0,11.0,583
2021-10-12,2021.0,10.0,12.0,584
2024-01-07,2024.0,1.0,7.0,585
2024-12-15,2024.0,12.0,15.0,586
2026-01-06,2026.0,1.0,6.0,587
2023-01-26,2023.0,1.0,26.0,588
2025-04-01,2025.0,4.0,1.0,589
2025-02-24,2025.0,2.0,24.0,590
2025-10-30,2025.0,10.0,30.0,591
2024-04-27,2024.0,4.0,27.0,592
2023-10-29,2023.0,10.0,29.0,593
2021-03-27,2021.0,3.0,27.0,594
2022-02-28,2022.0,2.0,28.0,595
2025-09-04,2025.0,9.0,4.0,596
2021-06-28,2021.0,6.0,28.0,597
2022-03-15,2022.0,3.0,15.0,598
2024-11-01,2024.0,11.0,1.0,599
2024-09-09,2024.0,9.0,9.0,600
2025-12-11,2025.0,12.0,11.0,601
2023-10-24,2023.0,10.0,24.0,602
2021-07-20,2021.0,7.0,20.0,603
2022-06-11,2022.0,6.0,11.0,604
2025-10-21,2025.0,10.0,21.0,605
2021-06-04,2021.0,6.0,4.0,606
2026-03-11,2026.0,3.0,11.0,607
2024-11-20,2024.0,11.0,20.0,608
2022-07-27,2022.0,7.0,27.0,609
2022-01-11,2022.0,1.0,11.0,610
2026-03-02,2026.0,3.0,2.0,611
2024-06-11,2024.0,6.0,11.0,612
2023-06-29,2023.0,6.0,29.0,613
2023-10-04,2023.0,10.0,4.0,614
2023-07-07,2023.0,7.0,7.0,615
2025-06-03,2025.0,6.0,3.0,616
2024-01-27,2024.0,1.0,27.0,617
2025-01-29,2025.0,1.0,29.0,618
2022-12-20,2022.0,12.0,20.0,619
2024-11-06,2024.0,11.0,6.0,620
2024-06-13,2024.0,6.0,13.0,621
2024-07-07,2024.0,7.0,7.0,622
2025-06-14,2025.0,6.0,14.0,623
2025-11-02,2025.0,11.0,2.0,624
2023-05-15,2023.0,5.0,15.0,625
2024-05-26,2024.0,5.0,26.0,626
2025-04-29,2025.0,4.0,29.0,627
2024-03-07,2024.0,3.0,7.0,628
2025-06-11,2025.0,6.0,11.0,629
2022-05-15,2022.0,5.0,15.0,630
2025-11-17,2025.0,11.0,17.0,631
2023-02-01,2023.0,2.0,1.0,632
2024-03-06,2024.0,3.0,6.0,633
2024-01-22,2024.0,1.0,22.0,634
2020-05-09,2020.0,5.0,9.0,635
2024-08-31,2024.0,8.0,31.0,636
2024-05-09,2024.0,5.0,9.0,637
2025-06-05,2025.0,6.0,5.0,638
2025-01-30,2025.0,1.0,30.0,639
2022-07-14,2022.0,7.0,14.0,640
2020-12-30,2020.0,12.0,30.0,641
2025-10-13,2025.0,10.0,13.0,642
2025-09-24,2025.0,9.0,24.0,643
2023-11-24,2023.0,11.0,24.0,644
2025-11-12,2025.0,11.0,12.0,645
2025-10-02,2025.0,10.0,2.0,646
2024-06-29,2024.0,6.0,29.0,647
2025-05-15,2025.0,5.0,15.0,648
2025-11-24,2025.0,11.0,24.0,649
2026-02-19,2026.0,2.0,19.0,650
2024-08-01,2024.0,8.0,1.0,651
2022-08-06,2022.0,8.0,6.0,652
2024-06-28,2024.0,6.0,28.0,653
2025-03-22,2025.0,3.0,22.0,654
2022-08-26,2022.0,8.0,26.0,655
2019-06-10,2019.0,6.0,10.0,656
2026-01-17,2026.0,1.0,17.0,657
2024-11-27,2024.0,11.0,27.0,658
2025-12-26,2025.0,12.0,26.0,659
2023-06-22,2023.0,6.0,22.0,660
2025-10-04,2025.0,10.0,4.0,661
2022-09-19,2022.0,9.0,19.0,662
2025-11-07,2025.0,11.0,7.0,663
2024-04-03,2024.0,4.0,3.0,664
2021-06-24,2021.0,6.0,24.0,665
2022-04-19,2022.0,4.0,19.0,666
2025-06-21,2025.0,6.0,21.0,667
2026-02-17,2026.0,2.0,17.0,668
2021-05-20,2021.0,5.0,20.0,669
2022-06-10,2022.0,6.0,10.0,670
2023-07-31,2023.0,7.0,31.0,671
2022-11-18,2022.0,11.0,18.0,672
2024-02-04,2024.0,2.0,4.0,673
2025-04-28,2025.0,4.0,28.0,674
2021-12-19,2021.0,12.0,19.0,675
2024-10-11,2024.0,10.0,11.0,676
2022-05-14,2022.0,5.0,14.0,677
2026-01-23,2026.0,1.0,23.0,678
2023-09-08,2023.0,9.0,8.0,679
2024-11-14,2024.0,11.0,14.0,680
2025-03-25,2025.0,3.0,25.0,681
2019-07-06,2019.0,7.0,6.0,682
2024-09-05,2024.0,9.0,5.0,683
2023-01-22,2023.0,1.0,22.0,684
2023-03-25,2023.0,3.0,25.0,685
2022-01-24,2022.0,1.0,24.0,686
2025-08-20,2025.0,8.0,20.0,687
2024-12-13,2024.0,12.0,13.0,688
2024-08-09,2024.0,8.0,9.0,689
2022-12-23,2022.0,12.0,23.0,690
2022-11-23,2022.0,11.0,23.0,691
2024-08-16,2024.0,8.0,16.0,692
2023-02-10,2023.0,2.0,10.0,693
2026-03-06,2026.0,3.0,6.0,694
2025-01-24,2025.0,1.0,24.0,695
2024-10-19,2024.0,10.0,19.0,696
2024-04-17,2024.0,4.0,17.0,697
2020-06-12,2020.0,6.0,12.0,698
2026-02-22,2026.0,2.0,22.0,699
2024-07-10,2024.0,7.0,10.0,700
2025-04-11,2025.0,4.0,11.0,701
2026-03-05,2026.0,3.0,5.0,702
2023-07-29,2023.0,7.0,29.0,703
2023-03-01,2023.0,3.0,1.0,704
2025-09-22,2025.0,9.0,22.0,705
2024-09-10,2024.0,9.0,10.0,706
2020-09-03,2020.0,9.0,3.0,707
2025-06-02,2025.0,6.0,2.0,708
2023-09-25,2023.0,9.0,25.0,709
2025-06-04,2025.0,6.0,4.0,710
2023-02-23,2023.0,2.0,23.0,711
2023-12-24,2023.0,12.0,24.0,712
2022-12-17,2022.0,12.0,17.0,713
2025-01-23,2025.0,1.0,23.0,714
2025-12-31,2025.0,12.0,31.0,715
2021-06-03,2021.0,6.0,3.0,716
2023-07-22,2023.0,7.0,22.0,717
2024-10-14,2024.0,10.0,14.0,718
2022-01-31,2022.0,1.0,31.0,719
2025-04-02,2025.0,4.0,2.0,720
2021-04-21,2021.0,4.0,21.0,721
2025-12-24,2025.0,12.0,24.0,722
2023-01-03,2023.0,1.0,3.0,723
2025-09-15,2025.0,9.0,15.0,724
2025-07-18,2025.0,7.0,18.0,725
2023-10-02,2023.0,10.0,2.0,726
2024-09-28,2024.0,9.0,28.0,727
2026-01-28,2026.0,1.0,28.0,728
2020-06-10,2020.0,6.0,10.0,729
2022-12-22,2022.0,12.0,22.0,730
2019-12-11,2019.0,12.0,11.0,731
2021-08-12,2021.0,8.0,12.0,732
2025-03-07,2025.0,3.0,7.0,733
2022-05-03,2022.0,5.0,3.0,734
2022-12-02,2022.0,12.0,2.0,735
2020-06-24,2020.0,6.0,24.0,736
2024-04-05,2024.0,4.0,5.0,737
2024-06-26,2024.0,6.0,26.0,738
2022-10-07,2022.0,10.0,7.0,739
2019-12-12,2019.0,12.0,12.0,740
2025-11-08,2025.0,11.0,8.0,741
2025-04-27,2025.0,4.0,27.0,742
2025-01-02,2025.0,1.0,2.0,743
2024-08-26,2024.0,8.0,26.0,744
2025-01-15,2025.0,1.0,15.0,745
2025-06-07,2025.0,6.0,7.0,746
2022-11-29,2022.0,11.0,29.0,747
2023-02-02,2023.0,2.0,2.0,748
2022-04-22,2022.0,4.0,22.0,749
2025-10-27,2025.0,10.0,27.0,750
2024-04-04,2024.0,4.0,4.0,751
2025-12-25,2025.0,12.0,25.0,752
2025-01-22,2025.0,1.0,22.0,753
2022-02-13,2022.0,2.0,13.0,754
2023-12-07,2023.0,12.0,7.0,755
2023-06-24,2023.0,6.0,24.0,756
2024-01-13,2024.0,1.0,13.0,757
2025-04-10,2025.0,4.0,10.0,758
2022-09-25,2022.0,9.0,25.0,759
2024-08-08,2024.0,8.0,8.0,760
2022-09-28,2022.0,9.0,28.0,761
2019-05-15,2019.0,5.0,15.0,762
2024-02-13,2024.0,2.0,13.0,763
2022-06-03,2022.0,6.0,3.0,764
2022-11-25,2022.0,11.0,25.0,765
2025-08-09,2025.0,8.0,9.0,766
2025-07-26,2025.0,7.0,26.0,767
2024-10-03,2024.0,10.0,3.0,768
2025-09-03,2025.0,9.0,3.0,769
2024-12-20,2024.0,12.0,20.0,770
2025-07-09,2025.0,7.0,9.0,771
2026-03-09,2026.0,3.0,9.0,772
2025-04-26,2025.0,4.0,26.0,773
2025-08-11,2025.0,8.0,11.0,774
2021-12-01,2021.0,12.0,1.0,775
2023-01-21,2023.0,1.0,21.0,776
2024-07-20,2024.0,7.0,20.0,777
2025-02-23,2025.0,2.0,23.0,778
2025-03-15,2025.0,3.0,15.0,779
2022-09-07,2022.0,9.0,7.0,780
2023-03-20,2023.0,3.0,20.0,781
2020-09-07,2020.0,9.0,7.0,782
2023-03-03,2023.0,3.0,3.0,783
2024-09-11,2024.0,9.0,11.0,784
2020-12-31,2020.0,12.0,31.0,785
2020-05-20,2020.0,5.0,20.0,786
2026-01-18,2026.0,1.0,18.0,787
2024-09-23,2024.0,9.0,23.0,788
2026-01-20,2026.0,1.0,20.0,789
2022-03-16,2022.0,3.0,16.0,790
2023-05-17,2023.0,5.0,17.0,791
2020-09-17,2020.0,9.0,17.0,792
2023-03-05,2023.0,3.0,5.0,793
2024-01-08,2024.0,1.0,8.0,794
2022-06-12,2022.0,6.0,12.0,795
2021-02-07,2021.0,2.0,7.0,796
2026-03-17,2026.0,3.0,17.0,797
2020-10-14,2020.0,10.0,14.0,798
2021-10-01,2021.0,10.0,1.0,799
2022-11-20,2022.0,11.0,20.0,800
2019-10-01,2019.0,10.0,1.0,801
2023-07-04,2023.0,7.0,4.0,802
2026-01-16,2026.0,1.0,16.0,803
2021-08-22,2021.0,8.0,22.0,804
2025-11-03,2025.0,11.0,3.0,805
2023-07-08,2023.0,7.0,8.0,806
2024-10-27,2024.0,10.0,27.0,807
2025-02-22,2025.0,2.0,22.0,808
2023-04-15,2023.0,4.0,15.0,809
2022-10-21,2022.0,10.0,21.0,810
2019-07-02,2019.0,7.0,2.0,811
2024-08-29,2024.0,8.0,29.0,812
2023-06-13,2023.0,6.0,13.0,813
2023-05-05,2023.0,5.0,5.0,814
2020-02-27,2020.0,2.0,27.0,815
2021-03-21,2021.0,3.0,21.0,816
2023-04-07,2023.0,4.0,7.0,817
2023-05-09,2023.0,5.0,9.0,818
2025-02-18,2025.0,2.0,18.0,819
2024-03-19,2024.0,3.0,19.0,820
2025-03-05,2025.0,3.0,5.0,821
2020-09-01,2020.0,9.0,1.0,822
2024-06-17,2024.0,6.0,17.0,823
2025-05-10,2025.0,5.0,10.0,824
2022-05-07,2022.0,5.0,7.0,825
2025-01-09,2025.0,1.0,9.0,826
2021-02-17,2021.0,2.0,17.0,827
2022-09-20,2022.0,9.0,20.0,828
2025-06-09,2025.0,6.0,9.0,829
2024-02-17,2024.0,2.0,17.0,830
2026-03-15,2026.0,3.0,15.0,831
2022-08-28,2022.0,8.0,28.0,832
2022-11-06,2022.0,11.0,6.0,833
2023-12-05,2023.0,12.0,5.0,834
2022-12-13,2022.0,12.0,13.0,835
2023-04-27,2023.0,4.0,27.0,836
2024-09-16,2024.0,9.0,16.0,837
2024-03-05,2024.0,3.0,5.0,838
2026-01-12,2026.0,1.0,12.0,839
2024-02-27,2024.0,2.0,27.0,840
2025-08-06,2025.0,8.0,6.0,841
2024-11-22,2024.0,11.0,22.0,842
2025-03-09,2025.0,3.0,9.0,843
2024-06-12,2024.0,6.0,12.0,844
2024-03-03,2024.0,3.0,3.0,845
2025-02-05,2025.0,2.0,5.0,846
2021-07-18,2021.0,7.0,18.0,847
2022-02-05,2022.0,2.0,5.0,848
2021-06-06,2021.0,6.0,6.0,849
2025-12-10,2025.0,12.0,10.0,850
2025-10-09,2025.0,10.0,9.0,851
2025-12-07,2025.0,12.0,7.0,852
2023-11-13,2023.0,11.0,13.0,853
2024-11-13,2024.0,11.0,13.0,854
2022-04-29,2022.0,4.0,29.0,855
2021-08-23,2021.0,8.0,23.0,856
2025-08-07,2025.0,8.0,7.0,857
2025-10-14,2025.0,10.0,14.0,858
2022-10-01,2022.0,10.0,1.0,859
2022-12-10,2022.0,12.0,10.0,860
2020-07-12,2020.0,7.0,12.0,861
2023-02-09,2023.0,2.0,9.0,862
2024-03-25,2024.0,3.0,25.0,863
2026-01-25,2026.0,1.0,25.0,864
2022-12-06,2022.0,12.0,6.0,865
2022-11-16,2022.0,11.0,16.0,866
2024-06-08,2024.0,6.0,8.0,867
2024-07-23,2024.0,7.0,23.0,868
2021-12-12,2021.0,12.0,12.0,869
2025-12-03,2025.0,12.0,3.0,870
2023-04-06,2023.0,4.0,6.0,871
2025-07-15,2025.0,7.0,15.0,872
2023-02-24,2023.0,2.0,24.0,873
2023-07-03,2023.0,7.0,3.0,874
2024-09-03,2024.0,9.0,3.0,875
2023-02-04,2023.0,2.0,4.0,876
2025-05-17,2025.0,5.0,17.0,877
2023-06-03,2023.0,6.0,3.0,878
2022-06-04,2022.0,6.0,4.0,879
2026-01-19,2026.0,1.0,19.0,880
2025-10-08,2025.0,10.0,8.0,881
2024-11-17,2024.0,11.0,17.0,882
2022-10-19,2022.0,10.0,19.0,883
2023-09-04,2023.0,9.0,4.0,884
2024-10-12,2024.0,10.0,12.0,885
2023-12-25,2023.0,12.0,25.0,886
2021-06-05,2021.0,6.0,5.0,887
2023-07-18,2023.0,7.0,18.0,888
2023-06-10,2023.0,6.0,10.0,889
2022-08-24,2022.0,8.0,24.0,890
2021-05-23,2021.0,5.0,23.0,891
2020-10-25,2020.0,10.0,25.0,892
2021-02-12,2021.0,2.0,12.0,893
2023-11-02,2023.0,11.0,2.0,894
2020-01-07,2020.0,1.0,7.0,895
2025-03-02,2025.0,3.0,2.0,896
2023-06-02,2023.0,6.0,2.0,897
2025-03-04,2025.0,3.0,4.0,898
2025-07-30,2025.0,7.0,30.0,899
2024-01-20,2024.0,1.0,20.0,900
2025-08-29,2025.0,8.0,29.0,901
2022-04-12,2022.0,4.0,12.0,902
2021-09-15,2021.0,9.0,15.0,903
2024-02-23,2024.0,2.0,23.0,904
2026-02-06,2026.0,2.0,6.0,905
2025-09-01,2025.0,9.0,1.0,906
2021-10-11,2021.0,10.0,11.0,907
2024-10-29,2024.0,10.0,29.0,908
2020-10-29,2020.0,10.0,29.0,909
2022-10-04,2022.0,10.0,4.0,910
2025-09-06,2025.0,9.0,6.0,911
2024-06-27,2024.0,6.0,27.0,912
2022-10-02,2022.0,10.0,2.0,913
2023-08-24,2023.0,8.0,24.0,914
2022-08-23,2022.0,8.0,23.0,915
2025-01-16,2025.0,1.0,16.0,916
2025-05-06,2025.0,5.0,6.0,917
2019-10-22,2019.0,10.0,22.0,918
2022-08-18,2022.0,8.0,18.0,919
2022-11-07,2022.0,11.0,7.0,920
2023-07-27,2023.0,7.0,27.0,921
2023-11-25,2023.0,11.0,25.0,922
2022-09-09,2022.0,9.0,9.0,923
2021-12-02,2021.0,12.0,2.0,924
2021-04-23,2021.0,4.0,23.0,925
2021-02-18,2021.0,2.0,18.0,926
2023-04-20,2023.0,4.0,20.0,927
2021-04-28,2021.0,4.0,28.0,928
2022-01-10,2022.0,1.0,10.0,929
2022-10-26,2022.0,10.0,26.0,930
2025-05-18,2025.0,5.0,18.0,931
2024-10-22,2024.0,10.0,22.0,932
2025-09-10,2025.0,9.0,10.0,933
2021-08-25,2021.0,8.0,25.0,934
2022-07-07,2022.0,7.0,7.0,935
2024-04-29,2024.0,4.0,29.0,936
2026-01-24,2026.0,1.0,24.0,937
2024-08-30,2024.0,8.0,30.0,938
2025-12-05,2025.0,12.0,5.0,939
2025-06-18,2025.0,6.0,18.0,940
2025-09-14,2025.0,9.0,14.0,941
2024-11-04,2024.0,11.0,4.0,942
2024-01-25,2024.0,1.0,25.0,943
2025-08-19,2025.0,8.0,19.0,944
2023-05-06,2023.0,5.0,6.0,945
2023-08-04,2023.0,8.0,4.0,946
2020-04-24,2020.0,4.0,24.0,947
2023-05-27,2023.0,5.0,27.0,948
2025-10-16,2025.0,10.0,16.0,949
2020-11-02,2020.0,11.0,2.0,950
2024-09-24,2024.0,9.0,24.0,951
2025-08-16,2025.0,8.0,16.0,952
2024-01-06,2024.0,1.0,6.0,953
2023-10-15,2023.0,10.0,15.0,954
2024-12-19,2024.0,12.0,19.0,955
2024-06-04,2024.0,6.0,4.0,956
2023-12-23,2023.0,12.0,23.0,957
2023-03-19,2023.0,3.0,19.0,958
2021-11-27,2021.0,11.0,27.0,959
2023-08-28,2023.0,8.0,28.0,960
2025-04-20,2025.0,4.0,20.0,961
2019-11-20,2019.0,11.0,20.0,962
2025-06-28,2025.0,6.0,28.0,963
2023-04-04,2023.0,4.0,4.0,964
2020-10-07,2020.0,10.0,7.0,965
2022-10-12,2022.0,10.0,12.0,966
2022-08-20,2022.0,8.0,20.0,967
2024-10-04,2024.0,10.0,4.0,968
2020-09-05,2020.0,9.0,5.0,969
2024-04-26,2024.0,4.0,26.0,970
2023-08-16,2023.0,8.0,16.0,971
2025-04-19,2025.0,4.0,19.0,972
2021-11-15,2021.0,11.0,15.0,973
2023-04-25,2023.0,4.0,25.0,974
2022-01-19,2022.0,1.0,19.0,975
2025-04-17,2025.0,4.0,17.0,976
2025-09-07,2025.0,9.0,7.0,977
2021-08-21,2021.0,8.0,21.0,978
2022-12-24,2022.0,12.0,24.0,979
2022-04-06,2022.0,4.0,6.0,980
2025-10-18,2025.0,10.0,18.0,981
2021-11-23,2021.0,11.0,23.0,982
2023-05-28,2023.0,5.0,28.0,983
2024-09-04,2024.0,9.0,4.0,984
2025-01-17,2025.0,1.0,17.0,985
2024-07-30,2024.0,7.0,30.0,986
2024-05-07,2024.0,5.0,7.0,987
2021-12-14,2021.0,12.0,14.0,988
2024-01-28,2024.0,1.0,28.0,989
2023-09-14,2023.0,9.0,14.0,990
2025-04-21,2025.0,4.0,21.0,991
2025-08-21,2025.0,8.0,21.0,992
2022-07-18,2022.0,7.0,18.0,993
2022-12-07,2022.0,12.0,7.0,994
2022-10-25,2022.0,10.0,25.0,995
2025-12-12,2025.0,12.0,12.0,996
2025-11-23,2025.0,11.0,23.0,997
2023-08-21,2023.0,8.0,21.0,998
2023-09-16,2023.0,9.0,16.0,999
2022-07-22,2022.0,7.0,22.0,1000
2023-09-27,2023.0,9.0,27.0,1001
2024-02-21,2024.0,2.0,21.0,1002
2025-06-29,2025.0,6.0,29.0,1003
2023-11-29,2023.0,11.0,29.0,1004
2023-01-16,2023.0,1.0,16.0,1005
2025-09-28,2025.0,9.0,28.0,1006
2024-08-24,2024.0,8.0,24.0,1007
2025-10-15,2025.0,10.0,15.0,1008
2021-12-18,2021.0,12.0,18.0,1009
2023-05-22,2023.0,5.0,22.0,1010
2023-09-13,2023.0,9.0,13.0,1011
2021-04-30,2021.0,4.0,30.0,1012
2020-01-21,2020.0,1.0,21.0,1013
2025-08-01,2025.0,8.0,1.0,1014
2021-04-29,2021.0,4.0,29.0,1015
2023-06-07,2023.0,6.0,7.0,1016
2022-06-14,2022.0,6.0,14.0,1017
2025-04-14,2025.0,4.0,14.0,1018
2021-06-10,2021.0,6.0,10.0,1019
2024-05-06,2024.0,5.0,6.0,1020
2024-05-11,2024.0,5.0,11.0,1021
2024-03-01,2024.0,3.0,1.0,1022
2021-01-13,2021.0,1.0,13.0,1023
2024-03-21,2024.0,3.0,21.0,1024
2020-07-25,2020.0,7.0,25.0,1025
2025-09-27,2025.0,9.0,27.0,1026
2026-03-01,2026.0,3.0,1.0,1027
2025-09-29,2025.0,9.0,29.0,1028
2022-06-06,2022.0,6.0,6.0,1029
2022-06-07,2022.0,6.0,7.0,1030
2025-04-06,2025.0,4.0,6.0,1031
2024-05-28,2024.0,5.0,28.0,1032
2025-03-03,2025.0,3.0,3.0,1033
2024-11-25,2024.0,11.0,25.0,1034
2025-12-22,2025.0,12.0,22.0,1035
2024-05-31,2024.0,5.0,31.0,1036
2019-05-12,2019.0,5.0,12.0,1037
2024-07-11,2024.0,7.0,11.0,1038
2024-07-14,2024.0,7.0,14.0,1039
2020-07-24,2020.0,7.0,24.0,1040
2020-06-28,2020.0,6.0,28.0,1041
2025-08-18,2025.0,8.0,18.0,1042
2024-02-14,2024.0,2.0,14.0,1043
2024-12-06,2024.0,12.0,6.0,1044
2023-03-12,2023.0,3.0,12.0,1045
2021-11-08,2021.0,11.0,8.0,1046
2024-11-08,2024.0,11.0,8.0,1047
2024-06-19,2024.0,6.0,19.0,1048
2024-08-11,2024.0,8.0,11.0,1049
2021-06-02,2021.0,6.0,2.0,1050
2021-05-30,2021.0,5.0,30.0,1051
2021-07-01,2021.0,7.0,1.0,1052
2023-11-22,2023.0,11.0,22.0,1053
2023-02-21,2023.0,2.0,21.0,1054
2022-07-23,2022.0,7.0,23.0,1055
2023-06-09,2023.0,6.0,9.0,1056
2023-11-01,2023.0,11.0,1.0,1057
2023-09-17,2023.0,9.0,17.0,1058
2022-03-18,2022.0,3.0,18.0,1059
2023-06-12,2023.0,6.0,12.0,1060
2023-12-20,2023.0,12.0,20.0,1061
2024-05-04,2024.0,5.0,4.0,1062
2023-11-08,2023.0,11.0,8.0,1063
2023-10-27,2023.0,10.0,27.0,1064
2023-04-16,2023.0,4.0,16.0,1065
2024-05-10,2024.0,5.0,10.0,1066
2024-05-18,2024.0,5.0,18.0,1067
2023-04-14,2023.0,4.0,14.0,1068
2023-08-06,2023.0,8.0,6.0,1069
2024-12-02,2024.0,12.0,2.0,1070
2025-10-31,2025.0,10.0,31.0,1071
2023-02-20,2023.0,2.0,20.0,1072
2019-10-19,2019.0,10.0,19.0,1073
2022-03-25,2022.0,3.0,25.0,1074
2022-06-01,2022.0,6.0,1.0,1075
2026-01-02,2026.0,1.0,2.0,1076
2024-08-21,2024.0,8.0,21.0,1077
2020-10-12,2020.0,10.0,12.0,1078
2021-06-15,2021.0,6.0,15.0,1079
2025-05-29,2025.0,5.0,29.0,1080
2023-07-15,2023.0,7.0,15.0,1081
2025-06-08,2025.0,6.0,8.0,1082
2023-03-04,2023.0,3.0,4.0,1083
2022-08-29,2022.0,8.0,29.0,1084
2023-02-13,2023.0,2.0,13.0,1085
2024-03-15,2024.0,3.0,15.0,1086
2024-05-29,2024.0,5.0,29.0,1087
2020-12-16,2020.0,12.0,16.0,1088
2020-11-23,2020.0,11.0,23.0,1089
2020-11-15,2020.0,11.0,15.0,1090
2022-11-24,2022.0,11.0,24.0,1091
2022-03-19,2022.0,3.0,19.0,1092
2020-08-26,2020.0,8.0,26.0,1093
2020-10-11,2020.0,10.0,11.0,1094
2022-09-04,2022.0,9.0,4.0,1095
2022-11-04,2022.0,11.0,4.0,1096
2023-04-13,2023.0,4.0,13.0,1097
2024-10-24,2024.0,10.0,24.0,1098
2022-03-31,2022.0,3.0,31.0,1099
2025-11-19,2025.0,11.0,19.0,1100
2024-09-25,2024.0,9.0,25.0,1101
2025-05-23,2025.0,5.0,23.0,1102
2021-11-03,2021.0,11.0,3.0,1103
2025-03-11,2025.0,3.0,11.0,1104
2020-08-18,2020.0,8.0,18.0,1105
2025-04-03,2025.0,4.0,3.0,1106
2024-07-22,2024.0,7.0,22.0,1107
2020-11-28,2020.0,11.0,28.0,1108
2021-11-05,2021.0,11.0,5.0,1109
2025-10-25,2025.0,10.0,25.0,1110
2025-11-10,2025.0,11.0,10.0,1111
2024-07-03,2024.0,7.0,3.0,1112
2023-03-15,2023.0,3.0,15.0,1113
2025-07-22,2025.0,7.0,22.0,1114
2022-06-02,2022.0,6.0,2.0,1115
2022-05-04,2022.0,5.0,4.0,1116
2023-12-01,2023.0,12.0,1.0,1117
2019-06-02,2019.0,6.0,2.0,1118
2023-08-05,2023.0,8.0,5.0,1119
2022-06-29,2022.0,6.0,29.0,1120
2024-10-16,2024.0,10.0,16.0,1121
2024-12-21,2024.0,12.0,21.0,1122
2025-02-03,2025.0,2.0,3.0,1123
2024-07-24,2024.0,7.0,24.0,1124
2024-08-10,2024.0,8.0,10.0,1125
2022-08-31,2022.0,8.0,31.0,1126
2025-05-03,2025.0,5.0,3.0,1127
2025-08-13,2025.0,8.0,13.0,1128
2022-07-09,2022.0,7.0,9.0,1129
2021-06-19,2021.0,6.0,19.0,1130
2025-10-24,2025.0,10.0,24.0,1131
2019-11-02,2019.0,11.0,2.0,1132
2022-04-10,2022.0,4.0,10.0,1133
2022-07-15,2022.0,7.0,15.0,1134
2023-10-21,2023.0,10.0,21.0,1135
2022-06-24,2022.0,6.0,24.0,1136
2024-02-24,2024.0,2.0,24.0,1137
2021-11-13,2021.0,11.0,13.0,1138
2025-01-31,2025.0,1.0,31.0,1139
2023-12-29,2023.0,12.0,29.0,1140
2021-05-26,2021.0,5.0,26.0,1141
2021-05-12,2021.0,5.0,12.0,1142
2023-12-02,2023.0,12.0,2.0,1143
2023-01-18,2023.0,1.0,18.0,1144
2024-09-15,2024.0,9.0,15.0,1145
2023-11-12,2023.0,11.0,12.0,1146
2021-04-03,2021.0,4.0,3.0,1147
2021-07-14,2021.0,7.0,14.0,1148
2020-02-08,2020.0,2.0,8.0,1149
2021-05-13,2021.0,5.0,13.0,1150
2025-05-28,2025.0,5.0,28.0,1151
2025-05-02,2025.0,5.0,2.0,1152
2023-12-27,2023.0,12.0,27.0,1153
2019-09-11,2019.0,9.0,11.0,1154
2022-12-04,2022.0,12.0,4.0,1155
2021-03-07,2021.0,3.0,7.0,1156
2022-04-16,2022.0,4.0,16.0,1157
2025-01-18,2025.0,1.0,18.0,1158
2019-04-29,2019.0,4.0,29.0,1159
2022-12-14,2022.0,12.0,14.0,1160
2023-09-10,2023.0,9.0,10.0,1161
2023-10-31,2023.0,10.0,31.0,1162
2025-09-12,2025.0,9.0,12.0,1163
2021-01-22,2021.0,1.0,22.0,1164
2025-04-25,2025.0,4.0,25.0,1165
2019-04-22,2019.0,4.0,22.0,1166
2019-12-21,2019.0,12.0,21.0,1167
2019-09-25,2019.0,9.0,25.0,1168
2025-07-07,2025.0,7.0,7.0,1169
2023-03-23,2023.0,3.0,23.0,1170
2024-04-08,2024.0,4.0,8.0,1171
2021-11-14,2021.0,11.0,14.0,1172
2022-11-14,2022.0,11.0,14.0,1173
2022-04-03,2022.0,4.0,3.0,1174
2025-06-30,2025.0,6.0,30.0,1175
2019-09-14,2019.0,9.0,14.0,1176
2020-08-08,2020.0,8.0,8.0,1177
2024-12-29,2024.0,12.0,29.0,1178
2022-08-09,2022.0,8.0,9.0,1179
2022-10-15,2022.0,10.0,15.0,1180
2022-04-08,2022.0,4.0,8.0,1181
2023-02-16,2023.0,2.0,16.0,1182
2024-03-31,2024.0,3.0,31.0,1183
2021-09-23,2021.0,9.0,23.0,1184
2025-02-04,2025.0,2.0,4.0,1185
2020-02-12,2020.0,2.0,12.0,1186
2024-06-25,2024.0,6.0,25.0,1187
2024-08-25,2024.0,8.0,25.0,1188
2022-06-16,2022.0,6.0,16.0,1189
2021-05-21,2021.0,5.0,21.0,1190
2020-04-22,2020.0,4.0,22.0,1191
2023-07-28,2023.0,7.0,28.0,1192
2021-08-14,2021.0,8.0,14.0,1193
2021-03-09,2021.0,3.0,9.0,1194
2020-12-02,2020.0,12.0,2.0,1195
2022-02-12,2022.0,2.0,12.0,1196
2025-07-27,2025.0,7.0,27.0,1197
2023-12-26,2023.0,12.0,26.0,1198
2021-06-09,2021.0,6.0,9.0,1199
2023-09-30,2023.0,9.0,30.0,1200
2024-08-27,2024.0,8.0,27.0,1201
2023-04-12,2023.0,4.0,12.0,1202
2020-12-25,2020.0,12.0,25.0,1203
2022-05-28,2022.0,5.0,28.0,1204
2025-04-08,2025.0,4.0,8.0,1205
2025-05-11,2025.0,5.0,11.0,1206
2024-07-21,2024.0,7.0,21.0,1207
2023-03-22,2023.0,3.0,22.0,1208
2023-06-05,2023.0,6.0,5.0,1209
2024-10-18,2024.0,10.0,18.0,1210
2025-02-11,2025.0,2.0,11.0,1211
2022-07-28,2022.0,7.0,28.0,1212
2023-09-29,2023.0,9.0,29.0,1213
2023-11-27,2023.0,11.0,27.0,1214
2023-02-07,2023.0,2.0,7.0,1215
2019-07-15,2019.0,7.0,15.0,1216
2019-07-11,2019.0,7.0,11.0,1217
2023-08-07,2023.0,8.0,7.0,1218
2019-12-31,2019.0,12.0,31.0,1219
2022-02-20,2022.0,2.0,20.0,1220
2025-07-21,2025.0,7.0,21.0,1221
2024-08-13,2024.0,8.0,13.0,1222
2022-01-23,2022.0,1.0,23.0,1223
2020-10-24,2020.0,10.0,24.0,1224
2024-10-25,2024.0,10.0,25.0,1225
2024-12-11,2024.0,12.0,11.0,1226
2021-11-12,2021.0,11.0,12.0,1227
2019-02-01,2019.0,2.0,1.0,1228
2021-11-30,2021.0,11.0,30.0,1229
2025-02-21,2025.0,2.0,21.0,1230
2024-06-06,2024.0,6.0,6.0,1231
2023-03-17,2023.0,3.0,17.0,1232
2025-12-01,2025.0,12.0,1.0,1233
2025-03-30,2025.0,3.0,30.0,1234
2025-05-30,2025.0,5.0,30.0,1235
2022-06-23,2022.0,6.0,23.0,1236
2025-03-28,2025.0,3.0,28.0,1237
2024-05-24,2024.0,5.0,24.0,1238
2023-02-05,2023.0,2.0,5.0,1239
2021-01-15,2021.0,1.0,15.0,1240
2023-07-17,2023.0,7.0,17.0,1241
2022-01-03,2022.0,1.0,3.0,1242
2020-12-21,2020.0,12.0,21.0,1243
2024-11-28,2024.0,11.0,28.0,1244
2021-12-21,2021.0,12.0,21.0,1245
2023-02-22,2023.0,2.0,22.0,1246
2020-12-15,2020.0,12.0,15.0,1247
2025-05-14,2025.0,5.0,14.0,1248
2022-02-11,2022.0,2.0,11.0,1249
2023-09-28,2023.0,9.0,28.0,1250
2020-09-13,2020.0,9.0,13.0,1251
2024-07-09,2024.0,7.0,9.0,1252
2024-09-14,2024.0,9.0,14.0,1253
2022-12-30,2022.0,12.0,30.0,1254
2023-05-16,2023.0,5.0,16.0,1255
2024-05-30,2024.0,5.0,30.0,1256
2019-08-31,2019.0,8.0,31.0,1257
2020-01-16,2020.0,1.0,16.0,1258
2023-10-10,2023.0,10.0,10.0,1259
2024-08-14,2024.0,8.0,14.0,1260
2020-03-29,2020.0,3.0,29.0,1261
2022-10-10,2022.0,10.0,10.0,1262
2021-08-31,2021.0,8.0,31.0,1263
2023-12-22,2023.0,12.0,22.0,1264
2020-10-17,2020.0,10.0,17.0,1265
2020-10-27,2020.0,10.0,27.0,1266
2019-02-20,2019.0,2.0,20.0,1267
2022-03-04,2022.0,3.0,4.0,1268
2022-07-17,2022.0,7.0,17.0,1269
2022-10-17,2022.0,10.0,17.0,1270
2020-09-18,2020.0,9.0,18.0,1271
2023-04-08,2023.0,4.0,8.0,1272
2021-08-04,2021.0,8.0,4.0,1273
2025-02-10,2025.0,2.0,10.0,1274
2024-04-12,2024.0,4.0,12.0,1275
2024-09-26,2024.0,9.0,26.0,1276
2023-03-24,2023.0,3.0,24.0,1277
2025-10-11,2025.0,10.0,11.0,1278
2022-06-28,2022.0,6.0,28.0,1279
2025-11-29,2025.0,11.0,29.0,1280
2021-12-22,2021.0,12.0,22.0,1281
2022-03-03,2022.0,3.0,3.0,1282
2025-09-20,2025.0,9.0,20.0,1283
2025-03-31,2025.0,3.0,31.0,1284
2022-12-25,2022.0,12.0,25.0,1285
2025-11-25,2025.0,11.0,25.0,1286
2025-09-09,2025.0,9.0,9.0,1287
2022-11-15,2022.0,11.0,15.0,1288
2024-09-19,2024.0,9.0,19.0,1289
2022-04-04,2022.0,4.0,4.0,1290
2021-03-30,2021.0,3.0,30.0,1291
2024-02-20,2024.0,2.0,20.0,1292
2022-09-15,2022.0,9.0,15.0,1293
2024-04-15,2024.0,4.0,15.0,1294
2023-06-18,2023.0,6.0,18.0,1295
2024-01-03,2024.0,1.0,3.0,1296
2021-03-01,2021.0,3.0,1.0,1297
2024-11-30,2024.0,11.0,30.0,1298
2024-04-24,2024.0,4.0,24.0,1299
2024-03-27,2024.0,3.0,27.0,1300
2025-02-13,2025.0,2.0,13.0,1301
2023-07-25,2023.0,7.0,25.0,1302
2020-12-22,2020.0,12.0,22.0,1303
2024-09-13,2024.0,9.0,13.0,1304
2021-11-22,2021.0,11.0,22.0,1305
2022-08-01,2022.0,8.0,1.0,1306
2022-01-26,2022.0,1.0,26.0,1307
2021-10-02,2021.0,10.0,2.0,1308
2024-03-10,2024.0,3.0,10.0,1309
2024-12-16,2024.0,12.0,16.0,1310
2025-07-23,2025.0,7.0,23.0,1311
2023-08-26,2023.0,8.0,26.0,1312
2023-11-15,2023.0,11.0,15.0,1313
2021-07-09,2021.0,7.0,9.0,1314
2022-02-08,2022.0,2.0,8.0,1315
2025-05-13,2025.0,5.0,13.0,1316
2021-04-04,2021.0,4.0,4.0,1317
2026-02-20,2026.0,2.0,20.0,1318
2025-08-08,2025.0,8.0,8.0,1319
2021-08-26,2021.0,8.0,26.0,1320
2026-01-11,2026.0,1.0,11.0,1321
2025-08-04,2025.0,8.0,4.0,1322
2025-01-06,2025.0,1.0,6.0,1323
2022-12-26,2022.0,12.0,26.0,1324
2023-09-06,2023.0,9.0,6.0,1325
2025-07-13,2025.0,7.0,13.0,1326
2023-10-03,2023.0,10.0,3.0,1327
2024-03-20,2024.0,3.0,20.0,1328
2023-06-19,2023.0,6.0,19.0,1329
2021-08-29,2021.0,8.0,29.0,1330
2023-03-02,2023.0,3.0,2.0,1331
2022-02-22,2022.0,2.0,22.0,1332
2021-05-15,2021.0,5.0,15.0,1333
2024-06-20,2024.0,6.0,20.0,1334
2023-03-08,2023.0,3.0,8.0,1335
2023-03-13,2023.0,3.0,13.0,1336
2022-07-01,2022.0,7.0,1.0,1337
2023-08-23,2023.0,8.0,23.0,1338
2021-05-18,2021.0,5.0,18.0,1339
2024-06-15,2024.0,6.0,15.0,1340
2023-11-17,2023.0,11.0,17.0,1341
2024-09-06,2024.0,9.0,6.0,1342
2022-01-14,2022.0,1.0,14.0,1343
2023-07-14,2023.0,7.0,14.0,1344
2025-03-18,2025.0,3.0,18.0,1345
2023-09-24,2023.0,9.0,24.0,1346
2020-05-18,2020.0,5.0,18.0,1347
2023-03-21,2023.0,3.0,21.0,1348
2022-03-09,2022.0,3.0,9.0,1349
2019-07-23,2019.0,7.0,23.0,1350
2020-08-19,2020.0,8.0,19.0,1351
2023-04-02,2023.0,4.0,2.0,1352
2020-09-23,2020.0,9.0,23.0,1353
2023-02-26,2023.0,2.0,26.0,1354
2022-09-29,2022.0,9.0,29.0,1355
2022-10-24,2022.0,10.0,24.0,1356
2022-02-02,2022.0,2.0,2.0,1357
2025-05-08,2025.0,5.0,8.0,1358
2024-04-06,2024.0,4.0,6.0,1359
2019-11-09,2019.0,11.0,9.0,1360
2025-05-12,2025.0,5.0,12.0,1361
2020-06-06,2020.0,6.0,6.0,1362
2021-04-12,2021.0,4.0,12.0,1363
2024-07-08,2024.0,7.0,8.0,1364
2022-12-08,2022.0,12.0,8.0,1365
2024-03-28,2024.0,3.0,28.0,1366
2022-08-05,2022.0,8.0,5.0,1367
2020-05-06,2020.0,5.0,6.0,1368
2021-12-20,2021.0,12.0,20.0,1369
2026-02-08,2026.0,2.0,8.0,1370
2022-08-12,2022.0,8.0,12.0,1371
2021-07-23,2021.0,7.0,23.0,1372
2020-04-06,2020.0,4.0,6.0,1373
2022-10-06,2022.0,10.0,6.0,1374
2023-05-14,2023.0,5.0,14.0,1375
2024-06-18,2024.0,6.0,18.0,1376
2023-05-31,2023.0,5.0,31.0,1377
2024-01-31,2024.0,1.0,31.0,1378
2021-10-15,2021.0,10.0,15.0,1379
2020-12-23,2020.0,12.0,23.0,1380
2020-07-01,2020.0,7.0,1.0,1381
2021-08-10,2021.0,8.0,10.0,1382
2023-04-18,2023.0,4.0,18.0,1383
2025-01-04,2025.0,1.0,4.0,1384
2021-08-15,2021.0,8.0,15.0,1385
2023-03-18,2023.0,3.0,18.0,1386
2023-10-23,2023.0,10.0,23.0,1387
2020-12-28,2020.0,12.0,28.0,1388
2022-11-03,2022.0,11.0,3.0,1389
2021-12-24,2021.0,12.0,24.0,1390
2023-03-09,2023.0,3.0,9.0,1391
2024-11-29,2024.0,11.0,29.0,1392
2024-03-08,2024.0,3.0,8.0,1393
2022-07-30,2022.0,7.0,30.0,1394
2020-11-10,2020.0,11.0,10.0,1395
2023-04-01,2023.0,4.0,1.0,1396
2020-11-01,2020.0,11.0,1.0,1397
2024-05-01,2024.0,5.0,1.0,1398
2023-12-28,2023.0,12.0,28.0,1399
2020-04-10,2020.0,4.0,10.0,1400
2023-01-30,2023.0,1.0,30.0,1401
2024-12-17,2024.0,12.0,17.0,1402
2024-08-03,2024.0,8.0,3.0,1403
2020-06-07,2020.0,6.0,7.0,1404
2020-10-13,2020.0,10.0,13.0,1405
2020-12-01,2020.0,12.0,1.0,1406
2020-01-09,2020.0,1.0,9.0,1407
2024-01-29,2024.0,1.0,29.0,1408
2022-01-29,2022.0,1.0,29.0,1409
2023-03-29,2023.0,3.0,29.0,1410
2019-09-16,2019.0,9.0,16.0,1411
2025-01-19,2025.0,1.0,19.0,1412
2023-05-23,2023.0,5.0,23.0,1413
2021-08-24,2021.0,8.0,24.0,1414
2025-08-31,2025.0,8.0,31.0,1415
2021-04-07,2021.0,4.0,7.0,1416
2025-06-15,2025.0,6.0,15.0,1417
2024-10-13,2024.0,10.0,13.0,1418
2022-11-05,2022.0,11.0,5.0,1419
2023-01-11,2023.0,1.0,11.0,1420
2023-09-20,2023.0,9.0,20.0,1421
2022-10-23,2022.0,10.0,23.0,1422
2025-07-20,2025.0,7.0,20.0,1423
2022-11-12,2022.0,11.0,12.0,1424
2024-09-08,2024.0,9.0,8.0,1425
2020-07-21,2020.0,7.0,21.0,1426
2020-12-24,2020.0,12.0,24.0,1427
2024-06-24,2024.0,6.0,24.0,1428
2024-10-20,2024.0,10.0,20.0,1429
2022-02-15,2022.0,2.0,15.0,1430
2023-01-01,2023.0,1.0,1.0,1431
2025-05-21,2025.0,5.0,21.0,1432
2023-11-09,2023.0,11.0,9.0,1433
2025-01-11,2025.0,1.0,11.0,1434
2023-11-16,2023.0,11.0,16.0,1435
2025-02-27,2025.0,2.0,27.0,1436
2021-06-01,2021.0,6.0,1.0,1437
2020-05-25,2020.0,5.0,25.0,1438
2024-03-02,2024.0,3.0,2.0,1439
2023-07-30,2023.0,7.0,30.0,1440
2024-11-26,2024.0,11.0,26.0,1441
2024-01-02,2024.0,1.0,2.0,1442
2024-05-25,2024.0,5.0,25.0,1443
2021-11-25,2021.0,11.0,25.0,1444
2020-11-13,2020.0,11.0,13.0,1445
2021-01-28,2021.0,1.0,28.0,1446
2020-08-13,2020.0,8.0,13.0,1447
2022-09-11,2022.0,9.0,11.0,1448
2022-06-09,2022.0,6.0,9.0,1449
2024-07-02,2024.0,7.0,2.0,1450
2024-10-06,2024.0,10.0,6.0,1451
2023-11-11,2023.0,11.0,11.0,1452
2023-12-18,2023.0,12.0,18.0,1453
2024-04-25,2024.0,4.0,25.0,1454
2023-07-02,2023.0,7.0,2.0,1455
2024-02-08,2024.0,2.0,8.0,1456
2024-06-01,2024.0,6.0,1.0,1457
2023-03-27,2023.0,3.0,27.0,1458
2024-02-05,2024.0,2.0,5.0,1459
2021-12-04,2021.0,12.0,4.0,1460
2020-04-04,2020.0,4.0,4.0,1461
2022-10-20,2022.0,10.0,20.0,1462
2021-11-11,2021.0,11.0,11.0,1463
2022-05-17,2022.0,5.0,17.0,1464
2023-03-30,2023.0,3.0,30.0,1465
2023-02-11,2023.0,2.0,11.0,1466
2023-07-23,2023.0,7.0,23.0,1467
2023-01-08,2023.0,1.0,8.0,1468
2024-10-30,2024.0,10.0,30.0,1469
2019-10-07,2019.0,10.0,7.0,1470
2024-04-28,2024.0,4.0,28.0,1471
2021-02-23,2021.0,2.0,23.0,1472
2024-04-18,2024.0,4.0,18.0,1473
2022-01-06,2022.0,1.0,6.0,1474
2020-05-31,2020.0,5.0,31.0,1475
2023-11-26,2023.0,11.0,26.0,1476
2023-06-26,2023.0,6.0,26.0,1477
2023-01-23,2023.0,1.0,23.0,1478
2022-03-10,2022.0,3.0,10.0,1479
2023-04-09,2023.0,4.0,9.0,1480
2023-09-01,2023.0,9.0,1.0,1481
2025-02-08,2025.0,2.0,8.0,1482
2024-09-17,2024.0,9.0,17.0,1483
2024-08-23,2024.0,8.0,23.0,1484
2023-05-30,2023.0,5.0,30.0,1485
2021-04-19,2021.0,4.0,19.0,1486
2025-01-20,2025.0,1.0,20.0,1487
2021-06-14,2021.0,6.0,14.0,1488
2025-12-02,2025.0,12.0,2.0,1489
2022-04-07,2022.0,4.0,7.0,1490
2023-12-16,2023.0,12.0,16.0,1491
2020-07-13,2020.0,7.0,13.0,1492
2023-10-30,2023.0,10.0,30.0,1493
2024-03-29,2024.0,3.0,29.0,1494
2024-01-04,2024.0,1.0,4.0,1495
2022-09-18,2022.0,9.0,18.0,1496
2023-08-15,2023.0,8.0,15.0,1497
2020-06-13,2020.0,6.0,13.0,1498
2022-11-22,2022.0,11.0,22.0,1499
2022-02-09,2022.0,2.0,9.0,1500
2021-07-22,2021.0,7.0,22.0,1501
2024-12-09,2024.0,12.0,9.0,1502
2023-07-16,2023.0,7.0,16.0,1503
2024-02-09,2024.0,2.0,9.0,1504
2024-03-12,2024.0,3.0,12.0,1505
2021-10-07,2021.0,10.0,7.0,1506
2021-09-09,2021.0,9.0,9.0,1507
2020-08-25,2020.0,8.0,25.0,1508
2021-08-16,2021.0,8.0,16.0,1509
2024-01-16,2024.0,1.0,16.0,1510
2022-08-14,2022.0,8.0,14.0,1511
2025-09-18,2025.0,9.0,18.0,1512
2023-06-28,2023.0,6.0,28.0,1513
2025-04-04,2025.0,4.0,4.0,1514
2024-06-10,2024.0,6.0,10.0,1515
2025-01-13,2025.0,1.0,13.0,1516
2021-04-25,2021.0,4.0,25.0,1517
2022-11-27,2022.0,11.0,27.0,1518
2024-01-15,2024.0,1.0,15.0,1519
2021-12-28,2021.0,12.0,28.0,1520
2024-04-21,2024.0,4.0,21.0,1521
2020-05-15,2020.0,5.0,15.0,1522
2021-01-29,2021.0,1.0,29.0,1523
2025-01-03,2025.0,1.0,3.0,1524
2021-04-08,2021.0,4.0,8.0,1525
2023-12-31,2023.0,12.0,31.0,1526
2021-09-06,2021.0,9.0,6.0,1527
2023-07-26,2023.0,7.0,26.0,1528
2021-12-23,2021.0,12.0,23.0,1529
2020-02-06,2020.0,2.0,6.0,1530
2025-07-01,2025.0,7.0,1.0,1531
2022-07-08,2022.0,7.0,8.0,1532
2024-11-16,2024.0,11.0,16.0,1533
2020-12-13,2020.0,12.0,13.0,1534
2023-02-19,2023.0,2.0,19.0,1535
2023-06-30,2023.0,6.0,30.0,1536
2023-01-06,2023.0,1.0,6.0,1537
2023-02-28,2023.0,2.0,28.0,1538
2021-03-25,2021.0,3.0,25.0,1539
2021-02-26,2021.0,2.0,26.0,1540
2021-08-01,2021.0,8.0,1.0,1541
2021-05-11,2021.0,5.0,11.0,1542
2022-09-17,2022.0,9.0,17.0,1543
2023-04-29,2023.0,4.0,29.0,1544
2019-02-25,2019.0,2.0,25.0,1545
2022-08-04,2022.0,8.0,4.0,1546
2023-05-13,2023.0,5.0,13.0,1547
2022-12-18,2022.0,12.0,18.0,1548
2023-05-02,2023.0,5.0,2.0,1549
2019-05-07,2019.0,5.0,7.0,1550
2023-08-13,2023.0,8.0,13.0,1551
2023-02-14,2023.0,2.0,14.0,1552
2020-07-16,2020.0,7.0,16.0,1553
2021-11-19,2021.0,11.0,19.0,1554
2024-09-27,2024.0,9.0,27.0,1555
2021-10-03,2021.0,10.0,3.0,1556
2020-07-30,2020.0,7.0,30.0,1557
2023-08-18,2023.0,8.0,18.0,1558
2022-01-17,2022.0,1.0,17.0,1559
2023-05-01,2023.0,5.0,1.0,1560
2023-04-21,2023.0,4.0,21.0,1561
2020-05-21,2020.0,5.0,21.0,1562
2021-05-01,2021.0,5.0,1.0,1563
2022-09-30,2022.0,9.0,30.0,1564
2021-03-23,2021.0,3.0,23.0,1565
2023-05-21,2023.0,5.0,21.0,1566
2024-10-10,2024.0,10.0,10.0,1567
2024-02-22,2024.0,2.0,22.0,1568
2019-12-03,2019.0,12.0,3.0,1569
2021-02-01,2021.0,2.0,1.0,1570
2024-03-04,2024.0,3.0,4.0,1571
2020-04-25,2020.0,4.0,25.0,1572
2021-05-03,2021.0,5.0,3.0,1573
2021-06-11,2021.0,6.0,11.0,1574
2019-09-18,2019.0,9.0,18.0,1575
2019-08-02,2019.0,8.0,2.0,1576
2023-06-06,2023.0,6.0,6.0,1577
2023-03-16,2023.0,3.0,16.0,1578
2024-04-19,2024.0,4.0,19.0,1579
2022-02-10,2022.0,2.0,10.0,1580
2022-05-13,2022.0,5.0,13.0,1581
2022-12-31,2022.0,12.0,31.0,1582
2021-01-07,2021.0,1.0,7.0,1583
2020-10-16,2020.0,10.0,16.0,1584
2020-04-19,2020.0,4.0,19.0,1585
2021-01-24,2021.0,1.0,24.0,1586
2024-08-22,2024.0,8.0,22.0,1587
2019-07-27,2019.0,7.0,27.0,1588
2022-06-25,2022.0,6.0,25.0,1589
2021-10-30,2021.0,10.0,30.0,1590
2023-08-11,2023.0,8.0,11.0,1591
2024-05-21,2024.0,5.0,21.0,1592
2024-06-02,2024.0,6.0,2.0,1593
2022-07-02,2022.0,7.0,2.0,1594
2020-08-27,2020.0,8.0,27.0,1595
2025-03-16,2025.0,3.0,16.0,1596
2021-03-13,2021.0,3.0,13.0,1597
2023-07-05,2023.0,7.0,5.0,1598
2023-07-24,2023.0,7.0,24.0,1599
2022-10-27,2022.0,10.0,27.0,1600
2021-09-27,2021.0,9.0,27.0,1601
2021-09-08,2021.0,9.0,8.0,1602
2022-01-22,2022.0,1.0,22.0,1603
2022-10-18,2022.0,10.0,18.0,1604
2022-05-11,2022.0,5.0,11.0,1605
2021-02-16,2021.0,2.0,16.0,1606
2023-05-18,2023.0,5.0,18.0,1607
2025-09-21,2025.0,9.0,21.0,1608
2024-10-28,2024.0,10.0,28.0,1609
2023-02-18,2023.0,2.0,18.0,1610
2022-09-08,2022.0,9.0,8.0,1611
2021-01-03,2021.0,1.0,3.0,1612
2022-09-10,2022.0,9.0,10.0,1613
2024-12-05,2024.0,12.0,5.0,1614
2024-07-13,2024.0,7.0,13.0,1615
2023-11-04,2023.0,11.0,4.0,1616
2023-03-07,2023.0,3.0,7.0,1617
2023-11-06,2023.0,11.0,6.0,1618
2023-10-05,2023.0,10.0,5.0,1619
2023-09-05,2023.0,9.0,5.0,1620
2023-12-19,2023.0,12.0,19.0,1621
2023-04-24,2023.0,4.0,24.0,1622
2022-01-08,2022.0,1.0,8.0,1623
2021-05-10,2021.0,5.0,10.0,1624
2022-03-29,2022.0,3.0,29.0,1625
2022-04-14,2022.0,4.0,14.0,1626
2023-09-11,2023.0,9.0,11.0,1627
2022-06-18,2022.0,6.0,18.0,1628
2023-05-29,2023.0,5.0,29.0,1629
2021-03-22,2021.0,3.0,22.0,1630
2023-11-28,2023.0,11.0,28.0,1631
2023-10-06,2023.0,10.0,6.0,1632
2024-03-16,2024.0,3.0,16.0,1633
2022-10-29,2022.0,10.0,29.0,1634
2022-03-30,2022.0,3.0,30.0,1635
2021-01-23,2021.0,1.0,23.0,1636
2025-08-23,2025.0,8.0,23.0,1637
2021-03-26,2021.0,3.0,26.0,1638
2025-02-07,2025.0,2.0,7.0,1639
2020-05-12,2020.0,5.0,12.0,1640
2024-05-23,2024.0,5.0,23.0,1641
2023-06-25,2023.0,6.0,25.0,1642
2022-08-15,2022.0,8.0,15.0,1643
2020-01-10,2020.0,1.0,10.0,1644
2024-08-18,2024.0,8.0,18.0,1645
2019-10-02,2019.0,10.0,2.0,1646
2022-05-22,2022.0,5.0,22.0,1647
2022-08-10,2022.0,8.0,10.0,1648
2023-01-10,2023.0,1.0,10.0,1649
2021-06-12,2021.0,6.0,12.0,1650
2024-07-25,2024.0,7.0,25.0,1651
2022-06-20,2022.0,6.0,20.0,1652
2021-03-08,2021.0,3.0,8.0,1653
2020-12-07,2020.0,12.0,7.0,1654
2020-04-01,2020.0,4.0,1.0,1655
2023-10-22,2023.0,10.0,22.0,1656
2022-07-31,2022.0,7.0,31.0,1657
2024-01-12,2024.0,1.0,12.0,1658
2022-07-16,2022.0,7.0,16.0,1659
2021-04-13,2021.0,4.0,13.0,1660
2023-08-02,2023.0,8.0,2.0,1661
2023-06-27,2023.0,6.0,27.0,1662
2023-05-12,2023.0,5.0,12.0,1663
2024-02-07,2024.0,2.0,7.0,1664
2024-01-05,2024.0,1.0,5.0,1665
2023-06-08,2023.0,6.0,8.0,1666
2024-09-18,2024.0,9.0,18.0,1667
2020-03-04,2020.0,3.0,4.0,1668
2022-09-26,2022.0,9.0,26.0,1669
2024-11-03,2024.0,11.0,3.0,1670
2020-03-25,2020.0,3.0,25.0,1671
2024-03-18,2024.0,3.0,18.0,1672
2025-06-13,2025.0,6.0,13.0,1673
2019-08-04,2019.0,8.0,4.0,1674
2025-05-25,2025.0,5.0,25.0,1675
2023-01-14,2023.0,1.0,14.0,1676
2023-10-11,2023.0,10.0,11.0,1677
2021-02-06,2021.0,2.0,6.0,1678
2022-05-25,2022.0,5.0,25.0,1679
2024-09-12,2024.0,9.0,12.0,1680
2020-03-18,2020.0,3.0,18.0,1681
2020-06-27,2020.0,6.0,27.0,1682
2021-12-07,2021.0,12.0,7.0,1683
2019-09-02,2019.0,9.0,2.0,1684
2022-05-20,2022.0,5.0,20.0,1685
2023-10-25,2023.0,10.0,25.0,1686
2022-09-22,2022.0,9.0,22.0,1687
2023-07-21,2023.0,7.0,21.0,1688
2020-10-31,2020.0,10.0,31.0,1689
2023-11-03,2023.0,11.0,3.0,1690
2022-04-30,2022.0,4.0,30.0,1691
2021-11-16,2021.0,11.0,16.0,1692
2023-02-08,2023.0,2.0,8.0,1693
2021-07-17,2021.0,7.0,17.0,1694
2021-11-26,2021.0,11.0,26.0,1695
2021-12-10,2021.0,12.0,10.0,1696
2024-01-24,2024.0,1.0,24.0,1697
2021-07-19,2021.0,7.0,19.0,1698
2019-07-21,2019.0,7.0,21.0,1699
2019-07-28,2019.0,7.0,28.0,1700
2020-02-26,2020.0,2.0,26.0,1701
2021-06-16,2021.0,6.0,16.0,1702
2022-03-26,2022.0,3.0,26.0,1703
